2026-02-20 15:50:12  
============================================================
2026-02-20 15:50:12  RUN START  2026-02-20T15:50:12.145274  cap=5 scan=20 speed=1.0
2026-02-20 15:50:12  ============================================================
2026-02-20 15:50:12  profile_path: /Users/jkw/Library/Application Support/Google/ChromeLinkedIn
2026-02-20 15:50:12  executable:   /Applications/Google Chrome.app/Contents/MacOS/Google Chrome
2026-02-20 15:50:14  Navigating to connections page
2026-02-20 15:50:20  Scrape result (10 cards):
2026-02-20 15:50:20    name=Tomer Fuss Sanderovich | profileUrl=https://www.linkedin.com/in/tomer-fuss-sanderovich/ | msgHref=/messaging/compose/?profileUrn=urn%3Ali%3Afsd_profile%3AACoA
2026-02-20 15:50:20    name=Victoria Hargreaves | profileUrl=https://www.linkedin.com/in/victoria-hargreaves-61733960/ | msgHref=/messaging/compose/?profileUrn=urn%3Ali%3Afsd_profile%3AACoA
2026-02-20 15:50:20    name=Marisa Donnelly, PhD | profileUrl=https://www.linkedin.com/in/mapdonnelly/ | msgHref=/messaging/compose/?profileUrn=urn%3Ali%3Afsd_profile%3AACoA
2026-02-20 15:50:20    name=Jeff Taylor | profileUrl=https://www.linkedin.com/in/jeffgtaylor/ | msgHref=/messaging/compose/?profileUrn=urn%3Ali%3Afsd_profile%3AACoA
2026-02-20 15:50:20    name=Thomas George Thomas | profileUrl=https://www.linkedin.com/in/thomasgeorgethomas/ | msgHref=/messaging/compose/?profileUrn=urn%3Ali%3Afsd_profile%3AACoA
2026-02-20 15:50:20    name=Dousabel Tay | profileUrl=https://www.linkedin.com/in/dousabel-tay/ | msgHref=/messaging/compose/?profileUrn=urn%3Ali%3Afsd_profile%3AACoA
2026-02-20 15:50:20    name=Dan Niewoehner | profileUrl=https://www.linkedin.com/in/danniewoehner/ | msgHref=/messaging/compose/?profileUrn=urn%3Ali%3Afsd_profile%3AACoA
2026-02-20 15:50:20    name=Michael Cohen | profileUrl=https://www.linkedin.com/in/michael-cohen-15b014187/ | msgHref=/messaging/compose/?profileUrn=urn%3Ali%3Afsd_profile%3AACoA
2026-02-20 15:50:20    name=Vishaal Krishnan | profileUrl=https://www.linkedin.com/in/vishaalkrishnan/ | msgHref=/messaging/compose/?profileUrn=urn%3Ali%3Afsd_profile%3AACoA
2026-02-20 15:50:20    name=Tom Keane | profileUrl=https://www.linkedin.com/in/tomwkeane/ | msgHref=/messaging/compose/?profileUrn=urn%3Ali%3Afsd_profile%3AACoA
2026-02-20 15:50:20  Loaded 1 messaged URLs, 1 messaged names
2026-02-20 15:50:20    Check: Tomer Fuss Sanderovich | url=https://www.linkedin.com/in/tomer-fuss-sanderovich
2026-02-20 15:50:20      → SKIP (url match)
2026-02-20 15:50:20    Check: Victoria Hargreaves | url=https://www.linkedin.com/in/victoria-hargreaves-61733960
2026-02-20 15:50:20      → QUEUE
2026-02-20 15:50:20    Check: Marisa Donnelly, PhD | url=https://www.linkedin.com/in/mapdonnelly
2026-02-20 15:50:20      → QUEUE
2026-02-20 15:50:20    Check: Jeff Taylor | url=https://www.linkedin.com/in/jeffgtaylor
2026-02-20 15:50:20      → QUEUE
2026-02-20 15:50:20    Check: Thomas George Thomas | url=https://www.linkedin.com/in/thomasgeorgethomas
2026-02-20 15:50:20      → QUEUE
2026-02-20 15:50:20    Check: Dousabel Tay | url=https://www.linkedin.com/in/dousabel-tay
2026-02-20 15:50:20      → QUEUE
2026-02-20 15:50:20    Check: Dan Niewoehner | url=https://www.linkedin.com/in/danniewoehner
2026-02-20 15:50:20      → QUEUE
2026-02-20 15:50:20    Check: Michael Cohen | url=https://www.linkedin.com/in/michael-cohen-15b014187
2026-02-20 15:50:20      → QUEUE
2026-02-20 15:50:20    Check: Vishaal Krishnan | url=https://www.linkedin.com/in/vishaalkrishnan
2026-02-20 15:50:20      → QUEUE
2026-02-20 15:50:20    Check: Tom Keane | url=https://www.linkedin.com/in/tomwkeane
2026-02-20 15:50:20      → QUEUE
2026-02-20 15:50:20  --- Messaging Victoria Hargreaves ---
2026-02-20 15:50:20    role: Biophysicist specializing in the measurement of small molecule-protein interactions
2026-02-20 15:50:20    msgHref: /messaging/compose/?profileUrn=urn%3Ali%3Afsd_profile%3AACoAAAzdFzMBt3gZDTtH3KpMQfK6YkZ4gGwRJis&recipient=ACoAAAzdFzMBt3gZDTtH3KpMQfK6YkZ4gGwRJis&interop=msgOverlay
2026-02-20 15:50:20    current page url: https://www.linkedin.com/mynetwork/invite-connect/connections/
2026-02-20 15:50:20    Step 1: finding Message button
2026-02-20 15:50:20    Step 1: button found, scrolling into view
2026-02-20 15:50:20    Step 1: clicking button
2026-02-20 15:50:21    Step 2: waiting for visible compose box
2026-02-20 15:50:22    Step 2 attempt 1: {'found': False}
2026-02-20 15:50:23    Step 2 attempt 2: {'found': False}
2026-02-20 15:50:24    Step 2 attempt 3: {'found': False}
2026-02-20 15:50:25    Step 2 attempt 4: {'found': False}
2026-02-20 15:50:26    Step 2 attempt 5: {'found': False}
2026-02-20 15:50:27    Step 2 attempt 6: {'found': False}
2026-02-20 15:50:28    Step 2 attempt 7: {'found': False}
2026-02-20 15:50:29    Step 2 attempt 8: {'found': False}
2026-02-20 15:50:30    Step 2 attempt 9: {'found': False}
2026-02-20 15:50:31    Step 2 attempt 10: {'found': False}
2026-02-20 15:50:31    Step 2: FAILED — compose box never became visible
2026-02-20 15:50:31    Page HTML snippet:
<div id="root" data-strictmode="true"><section class="ee0d6ad3 b5d32b7b _7a7daa9e _740a8860"><h2 class="_55a6fef2" data-testid="toasts-title">0 notifications</h2></section><div class="_830c4008 d03d8247 _9253c138 _0a307a43 _60951730 _51383236 dc1eadb8 fb05a633 _263d6866 _7a7daa9e _740a8860 _03600412 _370e36e4"></div><div class="hasLegacyFeedLineHeight hasBreakWordsNoHyphen a88a07ca _6e266193 _0c749fe1 _8f2ac068 _47f0d26d _7b6906fa _94990680 e8204e53 _9bd787f2"><div class=""><div aria-label="Skip navigation menu" aria-hidden="true" class="_019c3424 _52fdc5f1 e8fd1049 _33edb67c f37dfa26 _7b6906fa _7a7daa9e _2f025f10 _205c9415"><div class="_4b9a42bf _323ec6e8 _29251e4b _719db8fd _331b0f3b _2f025f10 da00879f be6de7df _12e91934 cb3e98fc"><button class="cbaa75c4 _91fce0ff _21173a9d _37c90019 cdcea5fd _1843f717 _62de7624 _73ef7ee3 fc29c723 _61031593 a6067ae0 _12e91934 _6f2720fd" type="button"><span class="_40858730 _08d4e492 _178654da _12e91934 _21173a9d _37c90019 a6067ae0 _95340353 _39828cf7 _1843f717 _62de7624 _4a805aaa d0a09a91 fb30031a b154de30 a69ee278 _0584a1f0 _78a31832 _6ab8bcf6"><span class="_38df260a _0fb1f172 a0ebe7c6 _3dd5318f _26a419c7 _6be4c519 _754ca533 _2ef9145d eaaed990 _48266e6b _9b66ae81 fe9c0fa3 cdcea5fd _3607329d b87a21ba">Skip to main content</span></span></button><button class="cbaa75c4 _91fce0ff _21173a9d _37c90019 cdcea5fd _1843f717 _62de7624 _73ef7ee3 fc29c723 _61031593 a6067ae0 _12e91934 _6f2720fd _719db8fd" type="button" aria-label="Close jump menu"><span class="_40858730 _08d4e492 _178654da _12e91934 _21173a9d _37c90019 a6067ae0 _95340353 _39828cf7 _1843f717 _62de7624 _4a805aaa d0a09a91 _90e51bc0 b154de30 _83df6e0a a69ee278 _0584a1f0 _78a31832 _7adc67b0 bba48918"><svg xmlns="http://www.w3.org/2000/svg" id="close-medium" fill="currentColor" data-supported-dps="24x24" viewBox="0 0 24 24" data-token-id="98" width="24" height="24" class="" role="img" style="width: 24px; min-width: 24px; height: 24px; min-height: 24px;"><path d="M13.42 12 20 18.58 1
2026-02-20 15:50:31  --- Messaging Marisa Donnelly, PhD ---
2026-02-20 15:50:31    role: Head of Epidemiology at Biobot Analytics
2026-02-20 15:50:31    msgHref: /messaging/compose/?profileUrn=urn%3Ali%3Afsd_profile%3AACoAABGey6gB_il_GE6aYyXb-NK4t9qHLltfHEQ&recipient=ACoAABGey6gB_il_GE6aYyXb-NK4t9qHLltfHEQ&interop=msgOverlay
2026-02-20 15:50:31    current page url: https://www.linkedin.com/mynetwork/invite-connect/connections/
2026-02-20 15:50:31    Step 1: finding Message button
2026-02-20 15:50:31    Step 1: button found, scrolling into view
2026-02-20 15:50:31    Step 1: clicking button
2026-02-20 15:50:31    Step 2: waiting for visible compose box
2026-02-20 15:50:32    Step 2 attempt 1: {'found': False}
2026-02-20 15:50:33    Step 2 attempt 2: {'found': False}
2026-02-20 15:50:34    Step 2 attempt 3: {'found': False}
2026-02-20 15:50:35    Step 2 attempt 4: {'found': False}
2026-02-20 15:50:36    Step 2 attempt 5: {'found': False}
2026-02-20 15:50:37    Step 2 attempt 6: {'found': False}
2026-02-20 15:50:38    Step 2 attempt 7: {'found': False}
2026-02-20 15:50:39    Step 2 attempt 8: {'found': False}
2026-02-20 15:50:40    Step 2 attempt 9: {'found': False}
2026-02-20 15:50:41    Step 2 attempt 10: {'found': False}
2026-02-20 15:50:41    Step 2: FAILED — compose box never became visible
2026-02-20 15:50:41    Page HTML snippet:
<div id="root" data-strictmode="true"><section class="ee0d6ad3 b5d32b7b _7a7daa9e _740a8860"><h2 class="_55a6fef2" data-testid="toasts-title">0 notifications</h2></section><div class="_830c4008 d03d8247 _9253c138 _0a307a43 _60951730 _51383236 dc1eadb8 fb05a633 _263d6866 _7a7daa9e _740a8860 _03600412 _370e36e4"></div><div class="hasLegacyFeedLineHeight hasBreakWordsNoHyphen a88a07ca _6e266193 _0c749fe1 _8f2ac068 _47f0d26d _7b6906fa _94990680 e8204e53 _9bd787f2"><div class=""><div aria-label="Skip navigation menu" aria-hidden="true" class="_019c3424 _52fdc5f1 e8fd1049 _33edb67c f37dfa26 _7b6906fa _7a7daa9e _2f025f10 _205c9415"><div class="_4b9a42bf _323ec6e8 _29251e4b _719db8fd _331b0f3b _2f025f10 da00879f be6de7df _12e91934 cb3e98fc"><button class="cbaa75c4 _91fce0ff _21173a9d _37c90019 cdcea5fd _1843f717 _62de7624 _73ef7ee3 fc29c723 _61031593 a6067ae0 _12e91934 _6f2720fd" type="button"><span class="_40858730 _08d4e492 _178654da _12e91934 _21173a9d _37c90019 a6067ae0 _95340353 _39828cf7 _1843f717 _62de7624 _4a805aaa d0a09a91 fb30031a b154de30 a69ee278 _0584a1f0 _78a31832 _6ab8bcf6"><span class="_38df260a _0fb1f172 a0ebe7c6 _3dd5318f _26a419c7 _6be4c519 _754ca533 _2ef9145d eaaed990 _48266e6b _9b66ae81 fe9c0fa3 cdcea5fd _3607329d b87a21ba">Skip to main content</span></span></button><button class="cbaa75c4 _91fce0ff _21173a9d _37c90019 cdcea5fd _1843f717 _62de7624 _73ef7ee3 fc29c723 _61031593 a6067ae0 _12e91934 _6f2720fd _719db8fd" type="button" aria-label="Close jump menu"><span class="_40858730 _08d4e492 _178654da _12e91934 _21173a9d _37c90019 a6067ae0 _95340353 _39828cf7 _1843f717 _62de7624 _4a805aaa d0a09a91 _90e51bc0 b154de30 _83df6e0a a69ee278 _0584a1f0 _78a31832 _7adc67b0 bba48918"><svg xmlns="http://www.w3.org/2000/svg" id="close-medium" fill="currentColor" data-supported-dps="24x24" viewBox="0 0 24 24" data-token-id="98" width="24" height="24" class="" role="img" style="width: 24px; min-width: 24px; height: 24px; min-height: 24px;"><path d="M13.42 12 20 18.58 1
2026-02-20 15:50:41  --- Messaging Jeff Taylor ---
2026-02-20 15:50:41    role: Chief Executive Officer @ Orbita | Healthcare Strategist | Agentic AI | Servant Leader |
2026-02-20 15:50:41    msgHref: /messaging/compose/?profileUrn=urn%3Ali%3Afsd_profile%3AACoAAAIdVasB3hA8vXcjaxQH4Q2ilWM3pydVpOM&recipient=ACoAAAIdVasB3hA8vXcjaxQH4Q2ilWM3pydVpOM&interop=msgOverlay
2026-02-20 15:50:41    current page url: https://www.linkedin.com/mynetwork/invite-connect/connections/
2026-02-20 15:50:41    Step 1: finding Message button
2026-02-20 15:50:41    Step 1: button found, scrolling into view
2026-02-20 15:50:42    Step 1: clicking button
2026-02-20 15:50:42    Step 2: waiting for visible compose box
2026-02-20 15:50:43    Step 2 attempt 1: {'found': False}
2026-02-20 15:50:44    Step 2 attempt 2: {'found': False}
2026-02-20 15:50:45    Step 2 attempt 3: {'found': False}
2026-02-20 15:50:46    Step 2 attempt 4: {'found': False}
2026-02-20 15:50:47    Step 2 attempt 5: {'found': False}
2026-02-20 15:50:48    Step 2 attempt 6: {'found': False}
2026-02-20 15:50:49    Step 2 attempt 7: {'found': False}
2026-02-20 15:50:50    Step 2 attempt 8: {'found': False}
2026-02-20 15:50:51    Step 2 attempt 9: {'found': False}
2026-02-20 15:50:52    Step 2 attempt 10: {'found': False}
2026-02-20 15:50:52    Step 2: FAILED — compose box never became visible
2026-02-20 15:50:52    Page HTML snippet:
<div id="root" data-strictmode="true"><section class="ee0d6ad3 b5d32b7b _7a7daa9e _740a8860"><h2 class="_55a6fef2" data-testid="toasts-title">0 notifications</h2></section><div class="_830c4008 d03d8247 _9253c138 _0a307a43 _60951730 _51383236 dc1eadb8 fb05a633 _263d6866 _7a7daa9e _740a8860 _03600412 _370e36e4"></div><div class="hasLegacyFeedLineHeight hasBreakWordsNoHyphen a88a07ca _6e266193 _0c749fe1 _8f2ac068 _47f0d26d _7b6906fa _94990680 e8204e53 _9bd787f2"><div class=""><div aria-label="Skip navigation menu" aria-hidden="true" class="_019c3424 _52fdc5f1 e8fd1049 _33edb67c f37dfa26 _7b6906fa _7a7daa9e _2f025f10 _205c9415"><div class="_4b9a42bf _323ec6e8 _29251e4b _719db8fd _331b0f3b _2f025f10 da00879f be6de7df _12e91934 cb3e98fc"><button class="cbaa75c4 _91fce0ff _21173a9d _37c90019 cdcea5fd _1843f717 _62de7624 _73ef7ee3 fc29c723 _61031593 a6067ae0 _12e91934 _6f2720fd" type="button"><span class="_40858730 _08d4e492 _178654da _12e91934 _21173a9d _37c90019 a6067ae0 _95340353 _39828cf7 _1843f717 _62de7624 _4a805aaa d0a09a91 fb30031a b154de30 a69ee278 _0584a1f0 _78a31832 _6ab8bcf6"><span class="_38df260a _0fb1f172 a0ebe7c6 _3dd5318f _26a419c7 _6be4c519 _754ca533 _2ef9145d eaaed990 _48266e6b _9b66ae81 fe9c0fa3 cdcea5fd _3607329d b87a21ba">Skip to main content</span></span></button><button class="cbaa75c4 _91fce0ff _21173a9d _37c90019 cdcea5fd _1843f717 _62de7624 _73ef7ee3 fc29c723 _61031593 a6067ae0 _12e91934 _6f2720fd _719db8fd" type="button" aria-label="Close jump menu"><span class="_40858730 _08d4e492 _178654da _12e91934 _21173a9d _37c90019 a6067ae0 _95340353 _39828cf7 _1843f717 _62de7624 _4a805aaa d0a09a91 _90e51bc0 b154de30 _83df6e0a a69ee278 _0584a1f0 _78a31832 _7adc67b0 bba48918"><svg xmlns="http://www.w3.org/2000/svg" id="close-medium" fill="currentColor" data-supported-dps="24x24" viewBox="0 0 24 24" data-token-id="98" width="24" height="24" class="" role="img" style="width: 24px; min-width: 24px; height: 24px; min-height: 24px;"><path d="M13.42 12 20 18.58 1
2026-02-20 15:50:52  --- Messaging Thomas George Thomas ---
2026-02-20 15:50:52    role: Senior Data Engineer | ML Platform Engineer at Montai Therapeutics | AWS Certified | Dagster | dbt | SQL | Python | Apache Spark | MLOps | Tableau
2026-02-20 15:50:52    msgHref: /messaging/compose/?profileUrn=urn%3Ali%3Afsd_profile%3AACoAABiQBBgB75AR19T6_R_kfg4A7CyWmOp1lzU&recipient=ACoAABiQBBgB75AR19T6_R_kfg4A7CyWmOp1lzU&interop=msgOverlay
2026-02-20 15:50:52    current page url: https://www.linkedin.com/mynetwork/invite-connect/connections/
2026-02-20 15:50:52    Step 1: finding Message button
2026-02-20 15:50:52    Step 1: button found, scrolling into view
2026-02-20 15:50:53    Step 1: clicking button
2026-02-20 15:50:53    Step 2: waiting for visible compose box
2026-02-20 15:50:54    Step 2 attempt 1: {'found': False}
2026-02-20 15:50:55    Step 2 attempt 2: {'found': False}
2026-02-20 15:50:56    Step 2 attempt 3: {'found': False}
2026-02-20 15:50:57    Step 2 attempt 4: {'found': False}
2026-02-20 15:50:58    Step 2 attempt 5: {'found': False}
2026-02-20 15:50:59    Step 2 attempt 6: {'found': False}
2026-02-20 15:51:00    Step 2 attempt 7: {'found': False}
2026-02-20 15:51:01    Step 2 attempt 8: {'found': False}
2026-02-20 15:51:02    Step 2 attempt 9: {'found': False}
2026-02-20 15:51:03    Step 2 attempt 10: {'found': False}
2026-02-20 15:51:03    Step 2: FAILED — compose box never became visible
2026-02-20 15:51:03    Page HTML snippet:
<div id="root" data-strictmode="true"><section class="ee0d6ad3 b5d32b7b _7a7daa9e _740a8860"><h2 class="_55a6fef2" data-testid="toasts-title">0 notifications</h2></section><div class="_830c4008 d03d8247 _9253c138 _0a307a43 _60951730 _51383236 dc1eadb8 fb05a633 _263d6866 _7a7daa9e _740a8860 _03600412 _370e36e4"></div><div class="hasLegacyFeedLineHeight hasBreakWordsNoHyphen a88a07ca _6e266193 _0c749fe1 _8f2ac068 _47f0d26d _7b6906fa _94990680 e8204e53 _9bd787f2"><div class=""><div aria-label="Skip navigation menu" aria-hidden="true" class="_019c3424 _52fdc5f1 e8fd1049 _33edb67c f37dfa26 _7b6906fa _7a7daa9e _2f025f10 _205c9415"><div class="_4b9a42bf _323ec6e8 _29251e4b _719db8fd _331b0f3b _2f025f10 da00879f be6de7df _12e91934 cb3e98fc"><button class="cbaa75c4 _91fce0ff _21173a9d _37c90019 cdcea5fd _1843f717 _62de7624 _73ef7ee3 fc29c723 _61031593 a6067ae0 _12e91934 _6f2720fd" type="button"><span class="_40858730 _08d4e492 _178654da _12e91934 _21173a9d _37c90019 a6067ae0 _95340353 _39828cf7 _1843f717 _62de7624 _4a805aaa d0a09a91 fb30031a b154de30 a69ee278 _0584a1f0 _78a31832 _6ab8bcf6"><span class="_38df260a _0fb1f172 a0ebe7c6 _3dd5318f _26a419c7 _6be4c519 _754ca533 _2ef9145d eaaed990 _48266e6b _9b66ae81 fe9c0fa3 cdcea5fd _3607329d b87a21ba">Skip to main content</span></span></button><button class="cbaa75c4 _91fce0ff _21173a9d _37c90019 cdcea5fd _1843f717 _62de7624 _73ef7ee3 fc29c723 _61031593 a6067ae0 _12e91934 _6f2720fd _719db8fd" type="button" aria-label="Close jump menu"><span class="_40858730 _08d4e492 _178654da _12e91934 _21173a9d _37c90019 a6067ae0 _95340353 _39828cf7 _1843f717 _62de7624 _4a805aaa d0a09a91 _90e51bc0 b154de30 _83df6e0a a69ee278 _0584a1f0 _78a31832 _7adc67b0 bba48918"><svg xmlns="http://www.w3.org/2000/svg" id="close-medium" fill="currentColor" data-supported-dps="24x24" viewBox="0 0 24 24" data-token-id="98" width="24" height="24" class="" role="img" style="width: 24px; min-width: 24px; height: 24px; min-height: 24px;"><path d="M13.42 12 20 18.58 1
2026-02-20 15:51:03  --- Messaging Dousabel Tay ---
2026-02-20 15:51:03    role: Scientist @ Cellular Intelligence | Protein Engineer | Microfluidics Enthusiast | MIT ChemE PhD |
Integrating technologies and models for more targeted engineering
2026-02-20 15:51:03    msgHref: /messaging/compose/?profileUrn=urn%3Ali%3Afsd_profile%3AACoAACkDKS4BDbAeLoD8IiWcngIEEK-TtTU0_4g&recipient=ACoAACkDKS4BDbAeLoD8IiWcngIEEK-TtTU0_4g&interop=msgOverlay
2026-02-20 15:51:03    current page url: https://www.linkedin.com/mynetwork/invite-connect/connections/
2026-02-20 15:51:03    Step 1: finding Message button
2026-02-20 15:51:03    Step 1: button found, scrolling into view
2026-02-20 15:51:03    Step 1: clicking button
2026-02-20 15:51:03    Step 2: waiting for visible compose box
2026-02-20 15:51:04    Step 2 attempt 1: {'found': False}
2026-02-20 15:51:05    Step 2 attempt 2: {'found': False}
2026-02-20 15:51:06    Step 2 attempt 3: {'found': False}
2026-02-20 15:51:07    Step 2 attempt 4: {'found': False}
2026-02-20 15:51:08    Step 2 attempt 5: {'found': False}
2026-02-20 15:51:09    Step 2 attempt 6: {'found': False}
2026-02-20 15:51:10    Step 2 attempt 7: {'found': False}
2026-02-20 15:51:11    Step 2 attempt 8: {'found': False}
2026-02-20 15:51:13    Step 2 attempt 9: {'found': False}
2026-02-20 15:51:14    Step 2 attempt 10: {'found': False}
2026-02-20 15:51:14    Step 2: FAILED — compose box never became visible
2026-02-20 15:51:14    Page HTML snippet:
<div id="root" data-strictmode="true"><section class="ee0d6ad3 b5d32b7b _7a7daa9e _740a8860"><h2 class="_55a6fef2" data-testid="toasts-title">0 notifications</h2></section><div class="_830c4008 d03d8247 _9253c138 _0a307a43 _60951730 _51383236 dc1eadb8 fb05a633 _263d6866 _7a7daa9e _740a8860 _03600412 _370e36e4"></div><div class="hasLegacyFeedLineHeight hasBreakWordsNoHyphen a88a07ca _6e266193 _0c749fe1 _8f2ac068 _47f0d26d _7b6906fa _94990680 e8204e53 _9bd787f2"><div class=""><div aria-label="Skip navigation menu" aria-hidden="true" class="_019c3424 _52fdc5f1 e8fd1049 _33edb67c f37dfa26 _7b6906fa _7a7daa9e _2f025f10 _205c9415"><div class="_4b9a42bf _323ec6e8 _29251e4b _719db8fd _331b0f3b _2f025f10 da00879f be6de7df _12e91934 cb3e98fc"><button class="cbaa75c4 _91fce0ff _21173a9d _37c90019 cdcea5fd _1843f717 _62de7624 _73ef7ee3 fc29c723 _61031593 a6067ae0 _12e91934 _6f2720fd" type="button"><span class="_40858730 _08d4e492 _178654da _12e91934 _21173a9d _37c90019 a6067ae0 _95340353 _39828cf7 _1843f717 _62de7624 _4a805aaa d0a09a91 fb30031a b154de30 a69ee278 _0584a1f0 _78a31832 _6ab8bcf6"><span class="_38df260a _0fb1f172 a0ebe7c6 _3dd5318f _26a419c7 _6be4c519 _754ca533 _2ef9145d eaaed990 _48266e6b _9b66ae81 fe9c0fa3 cdcea5fd _3607329d b87a21ba">Skip to main content</span></span></button><button class="cbaa75c4 _91fce0ff _21173a9d _37c90019 cdcea5fd _1843f717 _62de7624 _73ef7ee3 fc29c723 _61031593 a6067ae0 _12e91934 _6f2720fd _719db8fd" type="button" aria-label="Close jump menu"><span class="_40858730 _08d4e492 _178654da _12e91934 _21173a9d _37c90019 a6067ae0 _95340353 _39828cf7 _1843f717 _62de7624 _4a805aaa d0a09a91 _90e51bc0 b154de30 _83df6e0a a69ee278 _0584a1f0 _78a31832 _7adc67b0 bba48918"><svg xmlns="http://www.w3.org/2000/svg" id="close-medium" fill="currentColor" data-supported-dps="24x24" viewBox="0 0 24 24" data-token-id="98" width="24" height="24" class="" role="img" style="width: 24px; min-width: 24px; height: 24px; min-height: 24px;"><path d="M13.42 12 20 18.58 1
2026-02-20 15:51:14  --- Messaging Dan Niewoehner ---
2026-02-20 15:51:14    role: Sr. Technical Recruiter @ Anduril
2026-02-20 15:51:14    msgHref: /messaging/compose/?profileUrn=urn%3Ali%3Afsd_profile%3AACoAAAcAfMQBfH0nk81tdXVgyyhF3SnfOfUNWGo&recipient=ACoAAAcAfMQBfH0nk81tdXVgyyhF3SnfOfUNWGo&interop=msgOverlay
2026-02-20 15:51:14    current page url: https://www.linkedin.com/mynetwork/invite-connect/connections/
2026-02-20 15:51:14    Step 1: finding Message button
2026-02-20 15:51:14    Step 1: button found, scrolling into view
2026-02-20 15:51:14    Step 1: clicking button
2026-02-20 15:51:14    Step 2: waiting for visible compose box
2026-02-20 15:51:15    Step 2 attempt 1: {'found': False}
2026-02-20 15:51:16    Step 2 attempt 2: {'found': False}
2026-02-20 15:51:17    Step 2 attempt 3: {'found': False}
2026-02-20 15:51:18    Step 2 attempt 4: {'found': False}
2026-02-20 15:51:19    Step 2 attempt 5: {'found': False}
2026-02-20 15:51:20    Step 2 attempt 6: {'found': False}
2026-02-20 15:51:21    Step 2 attempt 7: {'found': False}
2026-02-20 15:51:22    Step 2 attempt 8: {'found': False}
2026-02-20 15:51:23    Step 2 attempt 9: {'found': False}
2026-02-20 15:51:24    Step 2 attempt 10: {'found': False}
2026-02-20 15:51:24    Step 2: FAILED — compose box never became visible
2026-02-20 15:51:24    Page HTML snippet:
<div id="root" data-strictmode="true"><section class="ee0d6ad3 b5d32b7b _7a7daa9e _740a8860"><h2 class="_55a6fef2" data-testid="toasts-title">0 notifications</h2></section><div class="_830c4008 d03d8247 _9253c138 _0a307a43 _60951730 _51383236 dc1eadb8 fb05a633 _263d6866 _7a7daa9e _740a8860 _03600412 _370e36e4"></div><div class="hasLegacyFeedLineHeight hasBreakWordsNoHyphen a88a07ca _6e266193 _0c749fe1 _8f2ac068 _47f0d26d _7b6906fa _94990680 e8204e53 _9bd787f2"><div class=""><div aria-label="Skip navigation menu" aria-hidden="true" class="_019c3424 _52fdc5f1 e8fd1049 _33edb67c f37dfa26 _7b6906fa _7a7daa9e _2f025f10 _205c9415"><div class="_4b9a42bf _323ec6e8 _29251e4b _719db8fd _331b0f3b _2f025f10 da00879f be6de7df _12e91934 cb3e98fc"><button class="cbaa75c4 _91fce0ff _21173a9d _37c90019 cdcea5fd _1843f717 _62de7624 _73ef7ee3 fc29c723 _61031593 a6067ae0 _12e91934 _6f2720fd" type="button"><span class="_40858730 _08d4e492 _178654da _12e91934 _21173a9d _37c90019 a6067ae0 _95340353 _39828cf7 _1843f717 _62de7624 _4a805aaa d0a09a91 fb30031a b154de30 a69ee278 _0584a1f0 _78a31832 _6ab8bcf6"><span class="_38df260a _0fb1f172 a0ebe7c6 _3dd5318f _26a419c7 _6be4c519 _754ca533 _2ef9145d eaaed990 _48266e6b _9b66ae81 fe9c0fa3 cdcea5fd _3607329d b87a21ba">Skip to main content</span></span></button><button class="cbaa75c4 _91fce0ff _21173a9d _37c90019 cdcea5fd _1843f717 _62de7624 _73ef7ee3 fc29c723 _61031593 a6067ae0 _12e91934 _6f2720fd _719db8fd" type="button" aria-label="Close jump menu"><span class="_40858730 _08d4e492 _178654da _12e91934 _21173a9d _37c90019 a6067ae0 _95340353 _39828cf7 _1843f717 _62de7624 _4a805aaa d0a09a91 _90e51bc0 b154de30 _83df6e0a a69ee278 _0584a1f0 _78a31832 _7adc67b0 bba48918"><svg xmlns="http://www.w3.org/2000/svg" id="close-medium" fill="currentColor" data-supported-dps="24x24" viewBox="0 0 24 24" data-token-id="98" width="24" height="24" class="" role="img" style="width: 24px; min-width: 24px; height: 24px; min-height: 24px;"><path d="M13.42 12 20 18.58 1
2026-02-20 15:51:24  --- Messaging Michael Cohen ---
2026-02-20 15:51:24    role: Sales & Partnerships Leader | GTM Growth Across US & EMEA | ex-Salesforce | HEC Paris EMBA
2026-02-20 15:51:24    msgHref: /messaging/compose/?profileUrn=urn%3Ali%3Afsd_profile%3AACoAACv2XNcBbHMmBdzS9GBfRHBbGLZK8VkvWZs&recipient=ACoAACv2XNcBbHMmBdzS9GBfRHBbGLZK8VkvWZs&interop=msgOverlay
2026-02-20 15:51:24    current page url: https://www.linkedin.com/mynetwork/invite-connect/connections/
2026-02-20 15:51:24    Step 1: finding Message button
2026-02-20 15:51:24    Step 1: button found, scrolling into view
2026-02-20 15:51:25    Step 1: clicking button
2026-02-20 15:51:25    Step 2: waiting for visible compose box
2026-02-20 15:51:26    Step 2 attempt 1: {'found': False}
2026-02-20 15:51:27    Step 2 attempt 2: {'found': False}
2026-02-20 15:51:28    Step 2 attempt 3: {'found': False}
2026-02-20 15:51:29    Step 2 attempt 4: {'found': False}
2026-02-20 15:51:30    Step 2 attempt 5: {'found': False}
2026-02-20 15:51:31    Step 2 attempt 6: {'found': False}
2026-02-20 15:51:32    Step 2 attempt 7: {'found': False}
2026-02-20 15:51:33    Step 2 attempt 8: {'found': False}
2026-02-20 15:51:34    Step 2 attempt 9: {'found': False}
2026-02-20 15:51:35    Step 2 attempt 10: {'found': False}
2026-02-20 15:51:35    Step 2: FAILED — compose box never became visible
2026-02-20 15:51:35    Page HTML snippet:
<div id="root" data-strictmode="true"><section class="ee0d6ad3 b5d32b7b _7a7daa9e _740a8860"><h2 class="_55a6fef2" data-testid="toasts-title">0 notifications</h2></section><div class="_830c4008 d03d8247 _9253c138 _0a307a43 _60951730 _51383236 dc1eadb8 fb05a633 _263d6866 _7a7daa9e _740a8860 _03600412 _370e36e4"></div><div class="hasLegacyFeedLineHeight hasBreakWordsNoHyphen a88a07ca _6e266193 _0c749fe1 _8f2ac068 _47f0d26d _7b6906fa _94990680 e8204e53 _9bd787f2"><div class=""><div aria-label="Skip navigation menu" aria-hidden="true" class="_019c3424 _52fdc5f1 e8fd1049 _33edb67c f37dfa26 _7b6906fa _7a7daa9e _2f025f10 _205c9415"><div class="_4b9a42bf _323ec6e8 _29251e4b _719db8fd _331b0f3b _2f025f10 da00879f be6de7df _12e91934 cb3e98fc"><button class="cbaa75c4 _91fce0ff _21173a9d _37c90019 cdcea5fd _1843f717 _62de7624 _73ef7ee3 fc29c723 _61031593 a6067ae0 _12e91934 _6f2720fd" type="button"><span class="_40858730 _08d4e492 _178654da _12e91934 _21173a9d _37c90019 a6067ae0 _95340353 _39828cf7 _1843f717 _62de7624 _4a805aaa d0a09a91 fb30031a b154de30 a69ee278 _0584a1f0 _78a31832 _6ab8bcf6"><span class="_38df260a _0fb1f172 a0ebe7c6 _3dd5318f _26a419c7 _6be4c519 _754ca533 _2ef9145d eaaed990 _48266e6b _9b66ae81 fe9c0fa3 cdcea5fd _3607329d b87a21ba">Skip to main content</span></span></button><button class="cbaa75c4 _91fce0ff _21173a9d _37c90019 cdcea5fd _1843f717 _62de7624 _73ef7ee3 fc29c723 _61031593 a6067ae0 _12e91934 _6f2720fd _719db8fd" type="button" aria-label="Close jump menu"><span class="_40858730 _08d4e492 _178654da _12e91934 _21173a9d _37c90019 a6067ae0 _95340353 _39828cf7 _1843f717 _62de7624 _4a805aaa d0a09a91 _90e51bc0 b154de30 _83df6e0a a69ee278 _0584a1f0 _78a31832 _7adc67b0 bba48918"><svg xmlns="http://www.w3.org/2000/svg" id="close-medium" fill="currentColor" data-supported-dps="24x24" viewBox="0 0 24 24" data-token-id="98" width="24" height="24" class="" role="img" style="width: 24px; min-width: 24px; height: 24px; min-height: 24px;"><path d="M13.42 12 20 18.58 1
2026-02-20 15:51:35  --- Messaging Vishaal Krishnan ---
2026-02-20 15:51:35    role: Optimization | Control | Machine Learning | AI for Science
2026-02-20 15:51:35    msgHref: /messaging/compose/?profileUrn=urn%3Ali%3Afsd_profile%3AACoAAAbhnnABN-ZGL6R-qsMoPLzBqZ_sp3HSV7I&recipient=ACoAAAbhnnABN-ZGL6R-qsMoPLzBqZ_sp3HSV7I&interop=msgOverlay
2026-02-20 15:51:35    current page url: https://www.linkedin.com/mynetwork/invite-connect/connections/
2026-02-20 15:51:35    Step 1: finding Message button
2026-02-20 15:51:35    Step 1: button found, scrolling into view
2026-02-20 15:51:35    Step 1: clicking button
2026-02-20 15:51:36    Step 2: waiting for visible compose box
2026-02-20 15:51:37    Step 2 attempt 1: {'found': False}
2026-02-20 15:51:38    Step 2 attempt 2: {'found': False}
2026-02-20 15:51:39    Step 2 attempt 3: {'found': False}
2026-02-20 15:51:40    Step 2 attempt 4: {'found': False}
2026-02-20 15:51:41    Step 2 attempt 5: {'found': False}
2026-02-20 15:51:42    Step 2 attempt 6: {'found': False}
2026-02-20 15:51:43    Step 2 attempt 7: {'found': False}
2026-02-20 15:51:44    Step 2 attempt 8: {'found': False}
2026-02-20 15:51:45    Step 2 attempt 9: {'found': False}
2026-02-20 15:51:46    Step 2 attempt 10: {'found': False}
2026-02-20 15:51:46    Step 2: FAILED — compose box never became visible
2026-02-20 15:51:46    Page HTML snippet:
<div id="root" data-strictmode="true"><section class="ee0d6ad3 b5d32b7b _7a7daa9e _740a8860"><h2 class="_55a6fef2" data-testid="toasts-title">0 notifications</h2></section><div class="_830c4008 d03d8247 _9253c138 _0a307a43 _60951730 _51383236 dc1eadb8 fb05a633 _263d6866 _7a7daa9e _740a8860 _03600412 _370e36e4"></div><div class="hasLegacyFeedLineHeight hasBreakWordsNoHyphen a88a07ca _6e266193 _0c749fe1 _8f2ac068 _47f0d26d _7b6906fa _94990680 e8204e53 _9bd787f2"><div class=""><div aria-label="Skip navigation menu" aria-hidden="true" class="_019c3424 _52fdc5f1 e8fd1049 _33edb67c f37dfa26 _7b6906fa _7a7daa9e _2f025f10 _205c9415"><div class="_4b9a42bf _323ec6e8 _29251e4b _719db8fd _331b0f3b _2f025f10 da00879f be6de7df _12e91934 cb3e98fc"><button class="cbaa75c4 _91fce0ff _21173a9d _37c90019 cdcea5fd _1843f717 _62de7624 _73ef7ee3 fc29c723 _61031593 a6067ae0 _12e91934 _6f2720fd" type="button"><span class="_40858730 _08d4e492 _178654da _12e91934 _21173a9d _37c90019 a6067ae0 _95340353 _39828cf7 _1843f717 _62de7624 _4a805aaa d0a09a91 fb30031a b154de30 a69ee278 _0584a1f0 _78a31832 _6ab8bcf6"><span class="_38df260a _0fb1f172 a0ebe7c6 _3dd5318f _26a419c7 _6be4c519 _754ca533 _2ef9145d eaaed990 _48266e6b _9b66ae81 fe9c0fa3 cdcea5fd _3607329d b87a21ba">Skip to main content</span></span></button><button class="cbaa75c4 _91fce0ff _21173a9d _37c90019 cdcea5fd _1843f717 _62de7624 _73ef7ee3 fc29c723 _61031593 a6067ae0 _12e91934 _6f2720fd _719db8fd" type="button" aria-label="Close jump menu"><span class="_40858730 _08d4e492 _178654da _12e91934 _21173a9d _37c90019 a6067ae0 _95340353 _39828cf7 _1843f717 _62de7624 _4a805aaa d0a09a91 _90e51bc0 b154de30 _83df6e0a a69ee278 _0584a1f0 _78a31832 _7adc67b0 bba48918"><svg xmlns="http://www.w3.org/2000/svg" id="close-medium" fill="currentColor" data-supported-dps="24x24" viewBox="0 0 24 24" data-token-id="98" width="24" height="24" class="" role="img" style="width: 24px; min-width: 24px; height: 24px; min-height: 24px;"><path d="M13.42 12 20 18.58 1
2026-02-20 15:51:46  --- Messaging Tom Keane ---
2026-02-20 15:51:46    role: Senior Vice President @ Anduril Industries
2026-02-20 15:51:46    msgHref: /messaging/compose/?profileUrn=urn%3Ali%3Afsd_profile%3AACoAAADWdCgBjOB2FO9dKZ7HtMnG0F63ZfctpjE&recipient=ACoAAADWdCgBjOB2FO9dKZ7HtMnG0F63ZfctpjE&interop=msgOverlay
2026-02-20 15:51:46    current page url: https://www.linkedin.com/mynetwork/invite-connect/connections/
2026-02-20 15:51:46    Step 1: finding Message button
2026-02-20 15:51:46    Step 1: button found, scrolling into view
2026-02-20 15:51:46    Step 1: clicking button
2026-02-20 15:51:46    Step 2: waiting for visible compose box
2026-02-20 15:51:47    Step 2 attempt 1: {'found': False}
2026-02-20 15:51:48    Step 2 attempt 2: {'found': False}
2026-02-20 15:51:49    Step 2 attempt 3: {'found': False}
2026-02-20 15:51:52    Step 2 attempt 4: {'found': False}
2026-02-20 15:51:53    Step 2 attempt 5: {'found': False}
2026-02-20 15:51:54    Step 2 attempt 6: {'found': False}
2026-02-20 15:51:55    Step 2 attempt 7: {'found': False}
2026-02-20 15:51:56    Step 2 attempt 8: {'found': False}
2026-02-20 15:51:57    Step 2 attempt 9: {'found': False}
2026-02-20 15:51:58    Step 2 attempt 10: {'found': False}
2026-02-20 15:51:58    Step 2: FAILED — compose box never became visible
2026-02-20 15:51:58    Page HTML snippet:
<div id="root" data-strictmode="true"><section class="ee0d6ad3 b5d32b7b _7a7daa9e _740a8860"><h2 class="_55a6fef2" data-testid="toasts-title">0 notifications</h2></section><div class="_830c4008 d03d8247 _9253c138 _0a307a43 _60951730 _51383236 dc1eadb8 fb05a633 _263d6866 _7a7daa9e _740a8860 _03600412 _370e36e4"></div><div class="hasLegacyFeedLineHeight hasBreakWordsNoHyphen a88a07ca _6e266193 _0c749fe1 _8f2ac068 _47f0d26d _7b6906fa _94990680 e8204e53 _9bd787f2"><div class=""><div aria-label="Skip navigation menu" aria-hidden="true" class="_019c3424 _52fdc5f1 e8fd1049 _33edb67c f37dfa26 _7b6906fa _7a7daa9e _2f025f10 _205c9415"><div class="_4b9a42bf _323ec6e8 _29251e4b _719db8fd _331b0f3b _2f025f10 da00879f be6de7df _12e91934 cb3e98fc"><button class="cbaa75c4 _91fce0ff _21173a9d _37c90019 cdcea5fd _1843f717 _62de7624 _73ef7ee3 fc29c723 _61031593 a6067ae0 _12e91934 _6f2720fd" type="button"><span class="_40858730 _08d4e492 _178654da _12e91934 _21173a9d _37c90019 a6067ae0 _95340353 _39828cf7 _1843f717 _62de7624 _4a805aaa d0a09a91 fb30031a b154de30 a69ee278 _0584a1f0 _78a31832 _6ab8bcf6"><span class="_38df260a _0fb1f172 a0ebe7c6 _3dd5318f _26a419c7 _6be4c519 _754ca533 _2ef9145d eaaed990 _48266e6b _9b66ae81 fe9c0fa3 cdcea5fd _3607329d b87a21ba">Skip to main content</span></span></button><button class="cbaa75c4 _91fce0ff _21173a9d _37c90019 cdcea5fd _1843f717 _62de7624 _73ef7ee3 fc29c723 _61031593 a6067ae0 _12e91934 _6f2720fd _719db8fd" type="button" aria-label="Close jump menu"><span class="_40858730 _08d4e492 _178654da _12e91934 _21173a9d _37c90019 a6067ae0 _95340353 _39828cf7 _1843f717 _62de7624 _4a805aaa d0a09a91 _90e51bc0 b154de30 _83df6e0a a69ee278 _0584a1f0 _78a31832 _7adc67b0 bba48918"><svg xmlns="http://www.w3.org/2000/svg" id="close-medium" fill="currentColor" data-supported-dps="24x24" viewBox="0 0 24 24" data-token-id="98" width="24" height="24" class="" role="img" style="width: 24px; min-width: 24px; height: 24px; min-height: 24px;"><path d="M13.42 12 20 18.58 1
2026-02-20 15:51:58  RUN END — 0 sent
2026-02-20 15:51:58  Browser closed.
2026-02-20 16:23:44  
============================================================
2026-02-20 16:23:44  RUN START  2026-02-20T16:23:44.916876  cap=2 scan=20 speed=1.0
2026-02-20 16:23:44  ============================================================
2026-02-20 16:23:44  profile_path: /Users/jkw/Library/Application Support/Google/ChromeLinkedIn
2026-02-20 16:23:44  executable:   /Applications/Google Chrome.app/Contents/MacOS/Google Chrome
2026-02-20 16:23:46  Navigating to connections page
2026-02-20 16:23:52  Scrape result (20 cards):
2026-02-20 16:23:52    name=Tomer Fuss Sanderovich | profileUrl=https://www.linkedin.com/in/tomer-fuss-sanderovich/ | msgHref=/messaging/compose/?profileUrn=urn%3Ali%3Afsd_profile%3AACoA
2026-02-20 16:23:52    name=Victoria Hargreaves | profileUrl=https://www.linkedin.com/in/victoria-hargreaves-61733960/ | msgHref=/messaging/compose/?profileUrn=urn%3Ali%3Afsd_profile%3AACoA
2026-02-20 16:23:52    name=Marisa Donnelly, PhD | profileUrl=https://www.linkedin.com/in/mapdonnelly/ | msgHref=/messaging/compose/?profileUrn=urn%3Ali%3Afsd_profile%3AACoA
2026-02-20 16:23:52    name=Jeff Taylor | profileUrl=https://www.linkedin.com/in/jeffgtaylor/ | msgHref=/messaging/compose/?profileUrn=urn%3Ali%3Afsd_profile%3AACoA
2026-02-20 16:23:52    name=Thomas George Thomas | profileUrl=https://www.linkedin.com/in/thomasgeorgethomas/ | msgHref=/messaging/compose/?profileUrn=urn%3Ali%3Afsd_profile%3AACoA
2026-02-20 16:23:52    name=Dousabel Tay | profileUrl=https://www.linkedin.com/in/dousabel-tay/ | msgHref=/messaging/compose/?profileUrn=urn%3Ali%3Afsd_profile%3AACoA
2026-02-20 16:23:52    name=Dan Niewoehner | profileUrl=https://www.linkedin.com/in/danniewoehner/ | msgHref=/messaging/compose/?profileUrn=urn%3Ali%3Afsd_profile%3AACoA
2026-02-20 16:23:52    name=Michael Cohen | profileUrl=https://www.linkedin.com/in/michael-cohen-15b014187/ | msgHref=/messaging/compose/?profileUrn=urn%3Ali%3Afsd_profile%3AACoA
2026-02-20 16:23:52    name=Vishaal Krishnan | profileUrl=https://www.linkedin.com/in/vishaalkrishnan/ | msgHref=/messaging/compose/?profileUrn=urn%3Ali%3Afsd_profile%3AACoA
2026-02-20 16:23:52    name=Tom Keane | profileUrl=https://www.linkedin.com/in/tomwkeane/ | msgHref=/messaging/compose/?profileUrn=urn%3Ali%3Afsd_profile%3AACoA
2026-02-20 16:23:52    name=Michael Choi | profileUrl=https://www.linkedin.com/in/michael-choi-a183121/ | msgHref=/messaging/compose/?profileUrn=urn%3Ali%3Afsd_profile%3AACoA
2026-02-20 16:23:52    name=Taylor Amarel | profileUrl=https://www.linkedin.com/in/tayloramareltech/ | msgHref=/messaging/compose/?profileUrn=urn%3Ali%3Afsd_profile%3AACoA
2026-02-20 16:23:52    name=Sam Meinrod | profileUrl=https://www.linkedin.com/in/sammeinrod/ | msgHref=/messaging/compose/?profileUrn=urn%3Ali%3Afsd_profile%3AACoA
2026-02-20 16:23:52    name=Adam Dzierwa | profileUrl=https://www.linkedin.com/in/adam-dzierwa-b57a9a58/ | msgHref=/messaging/compose/?profileUrn=urn%3Ali%3Afsd_profile%3AACoA
2026-02-20 16:23:52    name=Allison Paskov | profileUrl=https://www.linkedin.com/in/allisonpaskov/ | msgHref=/messaging/compose/?profileUrn=urn%3Ali%3Afsd_profile%3AACoA
2026-02-20 16:23:52    name=Michael Kaplowitz | profileUrl=https://www.linkedin.com/in/michael-kaplowitz-7883258/ | msgHref=/messaging/compose/?profileUrn=urn%3Ali%3Afsd_profile%3AACoA
2026-02-20 16:23:52    name=Ahsan Shaikh | profileUrl=https://www.linkedin.com/in/ahsan-shaikh-031a312/ | msgHref=/messaging/compose/?profileUrn=urn%3Ali%3Afsd_profile%3AACoA
2026-02-20 16:23:52    name=Allen Leibovitch | profileUrl=https://www.linkedin.com/in/allenleibo/ | msgHref=/messaging/compose/?profileUrn=urn%3Ali%3Afsd_profile%3AACoA
2026-02-20 16:23:52    name=Matthew McCann | profileUrl=https://www.linkedin.com/in/matthew-mccann-5941032a3/ | msgHref=/messaging/compose/?profileUrn=urn%3Ali%3Afsd_profile%3AACoA
2026-02-20 16:23:52    name=Sneha Sundet | profileUrl=https://www.linkedin.com/in/ssun80/ | msgHref=/messaging/compose/?profileUrn=urn%3Ali%3Afsd_profile%3AACoA
2026-02-20 16:23:52  Loaded 1 messaged URLs, 2 messaged names
2026-02-20 16:23:52    Check: Tomer Fuss Sanderovich | url=https://www.linkedin.com/in/tomer-fuss-sanderovich
2026-02-20 16:23:52      → SKIP (url match)
2026-02-20 16:23:52    Check: Victoria Hargreaves | url=https://www.linkedin.com/in/victoria-hargreaves-61733960
2026-02-20 16:23:52      → QUEUE
2026-02-20 16:23:52    Check: Marisa Donnelly, PhD | url=https://www.linkedin.com/in/mapdonnelly
2026-02-20 16:23:52      → QUEUE
2026-02-20 16:23:52    Check: Jeff Taylor | url=https://www.linkedin.com/in/jeffgtaylor
2026-02-20 16:23:52      → QUEUE
2026-02-20 16:23:52    Check: Thomas George Thomas | url=https://www.linkedin.com/in/thomasgeorgethomas
2026-02-20 16:23:52      → QUEUE
2026-02-20 16:23:52    Check: Dousabel Tay | url=https://www.linkedin.com/in/dousabel-tay
2026-02-20 16:23:52      → QUEUE
2026-02-20 16:23:52    Check: Dan Niewoehner | url=https://www.linkedin.com/in/danniewoehner
2026-02-20 16:23:52      → QUEUE
2026-02-20 16:23:52    Check: Michael Cohen | url=https://www.linkedin.com/in/michael-cohen-15b014187
2026-02-20 16:23:52      → QUEUE
2026-02-20 16:23:52    Check: Vishaal Krishnan | url=https://www.linkedin.com/in/vishaalkrishnan
2026-02-20 16:23:52      → QUEUE
2026-02-20 16:23:52    Check: Tom Keane | url=https://www.linkedin.com/in/tomwkeane
2026-02-20 16:23:52      → QUEUE
2026-02-20 16:23:52    Check: Michael Choi | url=https://www.linkedin.com/in/michael-choi-a183121
2026-02-20 16:23:52      → QUEUE
2026-02-20 16:23:52    Check: Taylor Amarel | url=https://www.linkedin.com/in/tayloramareltech
2026-02-20 16:23:52      → QUEUE
2026-02-20 16:23:52    Check: Sam Meinrod | url=https://www.linkedin.com/in/sammeinrod
2026-02-20 16:23:52      → QUEUE
2026-02-20 16:23:52    Check: Adam Dzierwa | url=https://www.linkedin.com/in/adam-dzierwa-b57a9a58
2026-02-20 16:23:52      → QUEUE
2026-02-20 16:23:52    Check: Allison Paskov | url=https://www.linkedin.com/in/allisonpaskov
2026-02-20 16:23:52      → QUEUE
2026-02-20 16:23:52    Check: Michael Kaplowitz | url=https://www.linkedin.com/in/michael-kaplowitz-7883258
2026-02-20 16:23:52      → QUEUE
2026-02-20 16:23:52    Check: Ahsan Shaikh | url=https://www.linkedin.com/in/ahsan-shaikh-031a312
2026-02-20 16:23:52      → QUEUE
2026-02-20 16:23:52    Check: Allen Leibovitch | url=https://www.linkedin.com/in/allenleibo
2026-02-20 16:23:52      → QUEUE
2026-02-20 16:23:52    Check: Matthew McCann | url=https://www.linkedin.com/in/matthew-mccann-5941032a3
2026-02-20 16:23:52      → QUEUE
2026-02-20 16:23:52    Check: Sneha Sundet | url=https://www.linkedin.com/in/ssun80
2026-02-20 16:23:52      → QUEUE
2026-02-20 16:23:52  --- Messaging Victoria Hargreaves ---
2026-02-20 16:23:52    role: Biophysicist specializing in the measurement of small molecule-protein interactions
2026-02-20 16:23:52    msgHref: /messaging/compose/?profileUrn=urn%3Ali%3Afsd_profile%3AACoAAAzdFzMBt3gZDTtH3KpMQfK6YkZ4gGwRJis&recipient=ACoAAAzdFzMBt3gZDTtH3KpMQfK6YkZ4gGwRJis&interop=msgOverlay
2026-02-20 16:23:52    current page url: https://www.linkedin.com/mynetwork/invite-connect/connections/
2026-02-20 16:23:52    Step 1: navigating to https://www.linkedin.com/messaging/compose/?profileUrn=urn%3Ali%3Afsd_profile%3AACoAAAzdFzMBt3gZDTtH3KpMQfK6YkZ4gGwRJis&recipient=ACoAAAzdFzMBt3gZDTtH3KpMQfK6YkZ4gGwRJis&interop=msgOverlay
2026-02-20 16:23:55    Step 2: waiting for visible compose box
2026-02-20 16:23:55    Step 2: found via .msg-form__contenteditable
2026-02-20 16:23:55    Step 3: checking for AI prompt dismiss button
2026-02-20 16:23:56    Step 4: generating message with Ollama
2026-02-20 16:24:11    AI full message: Hi Victoria, I noticed you're a Biophysicist specializing in measuring small molecule-protein interactions. That's fascinating work - I'm curious to learn more about your approach and what drives your research interests. How do you stay up-to-date on the latest developments in this field?
2026-02-20 16:24:11    Step 5: re-querying compose box before typing
2026-02-20 16:24:11    Step 5: focusing compose box via JS
2026-02-20 16:24:12    Step 5: typing message (289 chars)
2026-02-20 16:24:20    Step 5: compose box content after typing: 'Hi Victoria, I noticed you're a Biophysicist specializing in measuring small mol'
2026-02-20 16:24:25    Step 7: finding Send button
2026-02-20 16:24:25    Step 7: found Send button via button.msg-form__send-button
2026-02-20 16:24:25    Step 7: clicked Send button
2026-02-20 16:24:26    Step 7: done — message sent to Victoria Hargreaves
2026-02-20 16:24:26  Logged message to CSV for Victoria Hargreaves
2026-02-20 16:24:34  Returning to connections page (was: https://www.linkedin.com/messaging/thread/2-NDEyYWM3YjgtMmNhMS00NzNjLThlY2ItYjk3ZTM2MDQzZThiXzEwMA==/)
2026-02-20 16:24:38  --- Messaging Marisa Donnelly, PhD ---
2026-02-20 16:24:38    role: Head of Epidemiology at Biobot Analytics
2026-02-20 16:24:38    msgHref: /messaging/compose/?profileUrn=urn%3Ali%3Afsd_profile%3AACoAABGey6gB_il_GE6aYyXb-NK4t9qHLltfHEQ&recipient=ACoAABGey6gB_il_GE6aYyXb-NK4t9qHLltfHEQ&interop=msgOverlay
2026-02-20 16:24:38    current page url: https://www.linkedin.com/mynetwork/invite-connect/connections/
2026-02-20 16:24:38    Step 1: navigating to https://www.linkedin.com/messaging/compose/?profileUrn=urn%3Ali%3Afsd_profile%3AACoAABGey6gB_il_GE6aYyXb-NK4t9qHLltfHEQ&recipient=ACoAABGey6gB_il_GE6aYyXb-NK4t9qHLltfHEQ&interop=msgOverlay
2026-02-20 16:24:41    Step 2: waiting for visible compose box
2026-02-20 16:24:41    Step 2: found via .msg-form__contenteditable
2026-02-20 16:24:41    Step 3: checking for AI prompt dismiss button
2026-02-20 16:24:42    Step 4: generating message with Ollama
2026-02-20 16:24:46    AI full message: Hi Marisa, nice to connect as the Head of Epidemiology at Biobot Analytics! I'm a big fan of the work you're doing and would love to learn more about your experiences in epidemiology. How's your week going so far?
2026-02-20 16:24:46    Step 5: re-querying compose box before typing
2026-02-20 16:24:46    Step 5: focusing compose box via JS
2026-02-20 16:24:46    Step 5: typing message (213 chars)
2026-02-20 16:24:48  Browser closed.
2026-02-20 19:19:28  
============================================================
2026-02-20 19:19:28  RUN START  2026-02-20T19:19:28.411968  cap=2 scan=20 speed=0.1
2026-02-20 19:19:28  ============================================================
2026-02-20 19:19:28  profile_path: /Users/jkw/Library/Application Support/Google/ChromeLinkedIn
2026-02-20 19:19:28  executable:   /Applications/Google Chrome.app/Contents/MacOS/Google Chrome
2026-02-20 19:19:29  Navigating to connections page
2026-02-20 19:19:36  Scrape result (20 cards):
2026-02-20 19:19:36    name=Akin Alawode | profileUrl=https://www.linkedin.com/in/akin-alawode-9218873a8/ | msgHref=/messaging/compose/?profileUrn=urn%3Ali%3Afsd_profile%3AACoA
2026-02-20 19:19:36    name=Sarah McDonald | profileUrl=https://www.linkedin.com/in/sarahpatriciamcdonald/ | msgHref=/messaging/compose/?profileUrn=urn%3Ali%3Afsd_profile%3AACoA
2026-02-20 19:19:36    name=Ana Silveira | profileUrl=https://www.linkedin.com/in/ana-silveira-35273220b/ | msgHref=/messaging/compose/?profileUrn=urn%3Ali%3Afsd_profile%3AACoA
2026-02-20 19:19:36    name=Dinesh Singh | profileUrl=https://www.linkedin.com/in/dineshsingh02030/ | msgHref=/messaging/compose/?profileUrn=urn%3Ali%3Afsd_profile%3AACoA
2026-02-20 19:19:36    name=Tomer Fuss Sanderovich | profileUrl=https://www.linkedin.com/in/tomer-fuss-sanderovich/ | msgHref=/messaging/compose/?profileUrn=urn%3Ali%3Afsd_profile%3AACoA
2026-02-20 19:19:36    name=Victoria Hargreaves | profileUrl=https://www.linkedin.com/in/victoria-hargreaves-61733960/ | msgHref=/messaging/compose/?profileUrn=urn%3Ali%3Afsd_profile%3AACoA
2026-02-20 19:19:36    name=Marisa Donnelly, PhD | profileUrl=https://www.linkedin.com/in/mapdonnelly/ | msgHref=/messaging/compose/?profileUrn=urn%3Ali%3Afsd_profile%3AACoA
2026-02-20 19:19:36    name=Jeff Taylor | profileUrl=https://www.linkedin.com/in/jeffgtaylor/ | msgHref=/messaging/compose/?profileUrn=urn%3Ali%3Afsd_profile%3AACoA
2026-02-20 19:19:36    name=Thomas George Thomas | profileUrl=https://www.linkedin.com/in/thomasgeorgethomas/ | msgHref=/messaging/compose/?profileUrn=urn%3Ali%3Afsd_profile%3AACoA
2026-02-20 19:19:36    name=Dousabel Tay | profileUrl=https://www.linkedin.com/in/dousabel-tay/ | msgHref=/messaging/compose/?profileUrn=urn%3Ali%3Afsd_profile%3AACoA
2026-02-20 19:19:36    name=Dan Niewoehner | profileUrl=https://www.linkedin.com/in/danniewoehner/ | msgHref=/messaging/compose/?profileUrn=urn%3Ali%3Afsd_profile%3AACoA
2026-02-20 19:19:36    name=Michael Cohen | profileUrl=https://www.linkedin.com/in/michael-cohen-15b014187/ | msgHref=/messaging/compose/?profileUrn=urn%3Ali%3Afsd_profile%3AACoA
2026-02-20 19:19:36    name=Vishaal Krishnan | profileUrl=https://www.linkedin.com/in/vishaalkrishnan/ | msgHref=/messaging/compose/?profileUrn=urn%3Ali%3Afsd_profile%3AACoA
2026-02-20 19:19:36    name=Tom Keane | profileUrl=https://www.linkedin.com/in/tomwkeane/ | msgHref=/messaging/compose/?profileUrn=urn%3Ali%3Afsd_profile%3AACoA
2026-02-20 19:19:36    name=Michael Choi | profileUrl=https://www.linkedin.com/in/michael-choi-a183121/ | msgHref=/messaging/compose/?profileUrn=urn%3Ali%3Afsd_profile%3AACoA
2026-02-20 19:19:36    name=Taylor Amarel | profileUrl=https://www.linkedin.com/in/tayloramareltech/ | msgHref=/messaging/compose/?profileUrn=urn%3Ali%3Afsd_profile%3AACoA
2026-02-20 19:19:36    name=Sam Meinrod | profileUrl=https://www.linkedin.com/in/sammeinrod/ | msgHref=/messaging/compose/?profileUrn=urn%3Ali%3Afsd_profile%3AACoA
2026-02-20 19:19:36    name=Adam Dzierwa | profileUrl=https://www.linkedin.com/in/adam-dzierwa-b57a9a58/ | msgHref=/messaging/compose/?profileUrn=urn%3Ali%3Afsd_profile%3AACoA
2026-02-20 19:19:36    name=Allison Paskov | profileUrl=https://www.linkedin.com/in/allisonpaskov/ | msgHref=/messaging/compose/?profileUrn=urn%3Ali%3Afsd_profile%3AACoA
2026-02-20 19:19:36    name=Michael Kaplowitz | profileUrl=https://www.linkedin.com/in/michael-kaplowitz-7883258/ | msgHref=/messaging/compose/?profileUrn=urn%3Ali%3Afsd_profile%3AACoA
2026-02-20 19:19:36  Loaded 2 messaged URLs, 3 messaged names
2026-02-20 19:19:36    Check: Akin Alawode | url=https://www.linkedin.com/in/akin-alawode-9218873a8
2026-02-20 19:19:36      → QUEUE
2026-02-20 19:19:36    Check: Sarah McDonald | url=https://www.linkedin.com/in/sarahpatriciamcdonald
2026-02-20 19:19:36      → QUEUE
2026-02-20 19:19:36    Check: Ana Silveira | url=https://www.linkedin.com/in/ana-silveira-35273220b
2026-02-20 19:19:36      → QUEUE
2026-02-20 19:19:36    Check: Dinesh Singh | url=https://www.linkedin.com/in/dineshsingh02030
2026-02-20 19:19:36      → QUEUE
2026-02-20 19:19:36    Check: Tomer Fuss Sanderovich | url=https://www.linkedin.com/in/tomer-fuss-sanderovich
2026-02-20 19:19:36      → SKIP (url match)
2026-02-20 19:19:36    Check: Victoria Hargreaves | url=https://www.linkedin.com/in/victoria-hargreaves-61733960
2026-02-20 19:19:36      → SKIP (url match)
2026-02-20 19:19:36    Check: Marisa Donnelly, PhD | url=https://www.linkedin.com/in/mapdonnelly
2026-02-20 19:19:36      → QUEUE
2026-02-20 19:19:36    Check: Jeff Taylor | url=https://www.linkedin.com/in/jeffgtaylor
2026-02-20 19:19:36      → QUEUE
2026-02-20 19:19:36    Check: Thomas George Thomas | url=https://www.linkedin.com/in/thomasgeorgethomas
2026-02-20 19:19:36      → QUEUE
2026-02-20 19:19:36    Check: Dousabel Tay | url=https://www.linkedin.com/in/dousabel-tay
2026-02-20 19:19:36      → QUEUE
2026-02-20 19:19:36    Check: Dan Niewoehner | url=https://www.linkedin.com/in/danniewoehner
2026-02-20 19:19:36      → QUEUE
2026-02-20 19:19:36    Check: Michael Cohen | url=https://www.linkedin.com/in/michael-cohen-15b014187
2026-02-20 19:19:36      → QUEUE
2026-02-20 19:19:36    Check: Vishaal Krishnan | url=https://www.linkedin.com/in/vishaalkrishnan
2026-02-20 19:19:36      → QUEUE
2026-02-20 19:19:36    Check: Tom Keane | url=https://www.linkedin.com/in/tomwkeane
2026-02-20 19:19:36      → QUEUE
2026-02-20 19:19:36    Check: Michael Choi | url=https://www.linkedin.com/in/michael-choi-a183121
2026-02-20 19:19:36      → QUEUE
2026-02-20 19:19:36    Check: Taylor Amarel | url=https://www.linkedin.com/in/tayloramareltech
2026-02-20 19:19:36      → QUEUE
2026-02-20 19:19:36    Check: Sam Meinrod | url=https://www.linkedin.com/in/sammeinrod
2026-02-20 19:19:36      → QUEUE
2026-02-20 19:19:36    Check: Adam Dzierwa | url=https://www.linkedin.com/in/adam-dzierwa-b57a9a58
2026-02-20 19:19:36      → QUEUE
2026-02-20 19:19:36    Check: Allison Paskov | url=https://www.linkedin.com/in/allisonpaskov
2026-02-20 19:19:36      → QUEUE
2026-02-20 19:19:36    Check: Michael Kaplowitz | url=https://www.linkedin.com/in/michael-kaplowitz-7883258
2026-02-20 19:19:36      → QUEUE
2026-02-20 19:19:36  --- Messaging Akin Alawode ---
2026-02-20 19:19:36    role: Manager Oracle / Database Platform Architect at Digit konsult
2026-02-20 19:19:36    msgHref: /messaging/compose/?profileUrn=urn%3Ali%3Afsd_profile%3AACoAAGPMHGkBrsDwwvg9Gi1JLgZIZdMmhAzkjPo&recipient=ACoAAGPMHGkBrsDwwvg9Gi1JLgZIZdMmhAzkjPo&interop=msgOverlay
2026-02-20 19:19:36    current page url: https://www.linkedin.com/mynetwork/invite-connect/connections/
2026-02-20 19:19:36    Step 1: navigating to https://www.linkedin.com/messaging/compose/?profileUrn=urn%3Ali%3Afsd_profile%3AACoAAGPMHGkBrsDwwvg9Gi1JLgZIZdMmhAzkjPo&recipient=ACoAAGPMHGkBrsDwwvg9Gi1JLgZIZdMmhAzkjPo&interop=msgOverlay
2026-02-20 19:19:39    Step 2: waiting for visible compose box
2026-02-20 19:19:39    Step 2: found via .msg-form__contenteditable
2026-02-20 19:19:39    Step 3: checking for AI prompt dismiss button
2026-02-20 19:19:40    Step 4: generating message with Ollama
2026-02-20 19:19:43    AI full message: Hi Akin, nice to connect! I noticed you're a Manager Oracle / Database Platform Architect at Digit konsult - great work in shaping the tech landscape. Looking forward to seeing what you're working on and learning from your experiences.
2026-02-20 19:19:43    Step 5: re-querying compose box before typing
2026-02-20 19:19:43    Step 5: focusing compose box via JS
2026-02-20 19:19:44    Step 5: typing message (235 chars)
2026-02-20 19:19:50    Step 5: compose box content after typing: 'Hi Akin, nice to connect! I noticed you're a Manager Oracle / Database Platform '
2026-02-20 19:19:55    Step 7: finding Send button
2026-02-20 19:19:55    Step 7: found Send button via button.msg-form__send-button
2026-02-20 19:19:55    Step 7: clicked Send button
2026-02-20 19:19:57    Step 7: done — message sent to Akin Alawode
2026-02-20 19:19:57  Logged message to CSV for Akin Alawode
2026-02-20 19:19:58  Returning to connections page (was: https://www.linkedin.com/messaging/thread/2-ZmUyOTQyYzAtYzgwMi00ZWJmLTlmZDktNjcwYjhhOTBkMGI5XzEwMA==/)
2026-02-20 19:20:01  --- Messaging Sarah McDonald ---
2026-02-20 19:20:01    role: Machine Learning Engineer @ Cohere Health
2026-02-20 19:20:01    msgHref: /messaging/compose/?profileUrn=urn%3Ali%3Afsd_profile%3AACoAADnPWLkBf1_9Jl-EvgMdKd-RpsIrXyK6Pos&recipient=ACoAADnPWLkBf1_9Jl-EvgMdKd-RpsIrXyK6Pos&interop=msgOverlay
2026-02-20 19:20:01    current page url: https://www.linkedin.com/mynetwork/invite-connect/connections/
2026-02-20 19:20:01    Step 1: navigating to https://www.linkedin.com/messaging/compose/?profileUrn=urn%3Ali%3Afsd_profile%3AACoAADnPWLkBf1_9Jl-EvgMdKd-RpsIrXyK6Pos&recipient=ACoAADnPWLkBf1_9Jl-EvgMdKd-RpsIrXyK6Pos&interop=msgOverlay
2026-02-20 19:20:04    Step 2: waiting for visible compose box
2026-02-20 19:20:04    Step 2: found via .msg-form__contenteditable
2026-02-20 19:20:04    Step 3: checking for AI prompt dismiss button
2026-02-20 19:20:05    Step 4: generating message with Ollama
2026-02-20 19:20:08    AI full message: Hi Sarah, I noticed you work on ML at Cohere Health - that's really cool! What are some of your favorite projects to tackle in your role? Looking forward to seeing more about what you're working on.
2026-02-20 19:20:08    Step 5: re-querying compose box before typing
2026-02-20 19:20:08    Step 5: focusing compose box via JS
2026-02-20 19:20:08    Step 5: typing message (198 chars)
2026-02-20 19:20:14  Browser closed.
2026-02-21 13:10:19  
============================================================
2026-02-21 13:10:19  FOLLOWUP RUN START  2026-02-21T13:10:19.305807  cap=5 wait_days=1 speed=1.0
2026-02-21 13:10:19  ============================================================
2026-02-21 13:10:19  Seeded 3 rows from messages.csv into followups.csv
2026-02-21 13:10:19  Candidates: 0
2026-02-21 13:13:17  
============================================================
2026-02-21 13:13:17  FOLLOWUP RUN START  2026-02-21T13:13:17.442361  cap=1 wait_days=0 speed=1.0
2026-02-21 13:13:17  ============================================================
2026-02-21 13:13:17  Candidates: 3
2026-02-21 13:13:17  profile_path: /Users/jkw/Library/Application Support/Google/ChromeLinkedIn
2026-02-21 13:13:17  executable:   /Applications/Google Chrome.app/Contents/MacOS/Google Chrome
2026-02-21 13:13:19  Processing Tomer Fuss Sanderovich | url=https://www.linkedin.com/in/tomer-fuss-sanderovich/
2026-02-21 13:13:19    Reply check: navigating to profile https://www.linkedin.com/in/tomer-fuss-sanderovich/
2026-02-21 13:13:23    Reply check: could not find thread href on profile page
2026-02-21 13:13:27    AI follow-up full: Hi Tomer, Hope you're doing well! I wanted to follow up on our connection and see if there's a good time for us to catch up further.
2026-02-21 13:13:31    No msgHref for Tomer Fuss Sanderovich — skipping
2026-02-21 13:13:31  Processing Victoria Hargreaves | url=https://www.linkedin.com/in/victoria-hargreaves-61733960/
2026-02-21 13:13:31    Reply check: navigating to profile https://www.linkedin.com/in/victoria-hargreaves-61733960/
2026-02-21 13:13:34    Reply check: could not find thread href on profile page
2026-02-21 13:13:37    AI follow-up full: Hi Victoria, I was wondering if you're available to chat about your work in biophysics. No pressure at all, just thought it might be interesting to connect!
2026-02-21 13:13:40    No msgHref for Victoria Hargreaves — skipping
2026-02-21 13:13:40  Processing Akin Alawode | url=https://www.linkedin.com/in/akin-alawode-9218873a8/
2026-02-21 13:13:40    Reply check: navigating to profile https://www.linkedin.com/in/akin-alawode-9218873a8/
2026-02-21 13:13:44    Reply check: could not find thread href on profile page
2026-02-21 13:13:47    AI follow-up full: Hi Akin, hope you're doing well! I wanted to follow up on our connection and see if there's anything newsworthy happening at Digit konsult that I can learn about.
2026-02-21 13:13:50    No msgHref for Akin Alawode — skipping
2026-02-21 13:13:50  FOLLOWUP RUN END — 0 sent
2026-02-21 13:13:50  Browser closed.
2026-02-21 13:29:31  
============================================================
2026-02-21 13:29:31  FOLLOWUP RUN START  2026-02-21T13:29:31.797157  cap=1 wait_days=0 speed=1.0
2026-02-21 13:29:31  ============================================================
2026-02-21 13:29:31  Candidates: 3
2026-02-21 13:29:31  profile_path: /Users/jkw/Library/Application Support/Google/ChromeLinkedIn
2026-02-21 13:29:31  executable:   /Applications/Google Chrome.app/Contents/MacOS/Google Chrome
2026-02-21 13:29:33  Processing Tomer Fuss Sanderovich | url=https://www.linkedin.com/in/tomer-fuss-sanderovich/
2026-02-21 13:29:33    Reply check: https://www.linkedin.com/in/tomer-fuss-sanderovich/
2026-02-21 13:29:33    _get_profile_urn: navigating to https://www.linkedin.com/in/tomer-fuss-sanderovich/
2026-02-21 13:29:36    _get_profile_urn: found ID ACoAAB1-xwIBlqslKy8V...
2026-02-21 13:29:36    Reply check: navigating to https://www.linkedin.com/messaging/compose/?profileUrn=urn%3Ali%3Afsd_profile%3AACoAAB1-xwIBlqslKy8V
2026-02-21 13:29:40    Reply check: last_sender=unknown
2026-02-21 13:29:51    AI follow-up full: Hi Tomer,

Hope you're doing well! I wanted to follow up on our connection and see if there's a good time for us to discuss your work at Natural Intelligence in more detail.
2026-02-21 13:29:51    Sending follow-up via https://www.linkedin.com/messaging/compose/?profileUrn=urn%3Ali%3Afsd_profile%3AACoAAB1-xwIBlqslKy8V
2026-02-21 13:29:58  FOLLOWUP EXCEPTION: Keyboard.type: Target page, context or browser has been closed
Traceback (most recent call last):
  File "/Users/jkw/LI/linkedin-automator/messenger.py", line 885, in run_followups
    await page.keyboard.type(followup_text, delay=20)
  File "/Users/jkw/LI/linkedin-automator/venv/lib/python3.14/site-packages/playwright/async_api/_generated.py", line 1383, in type
    await self._impl_obj.type(text=text, delay=delay)
  File "/Users/jkw/LI/linkedin-automator/venv/lib/python3.14/site-packages/playwright/_impl/_input.py", line 35, in type
    await self._channel.send("keyboardType", locals_to_params(locals()))
  File "/Users/jkw/LI/linkedin-automator/venv/lib/python3.14/site-packages/playwright/_impl/_connection.py", line 61, in send
    return await self._connection.wrap_api_call(
           ^^^^^^^^^^^^^^^^^^^^^^^^^^^^^^^^^^^^^
    ...<2 lines>...
    )
    ^
  File "/Users/jkw/LI/linkedin-automator/venv/lib/python3.14/site-packages/playwright/_impl/_connection.py", line 528, in wrap_api_call
    raise rewrite_error(error, f"{parsed_st['apiName']}: {error}") from None
playwright._impl._errors.TargetClosedError: Keyboard.type: Target page, context or browser has been closed

2026-02-21 13:52:19  
============================================================
2026-02-21 13:52:19  FOLLOWUP RUN START  2026-02-21T13:52:19.603826  cap=1 wait_days=0 speed=1.0
2026-02-21 13:52:19  ============================================================
2026-02-21 13:52:19  Candidates: 3
2026-02-21 13:52:19  profile_path: /Users/jkw/Library/Application Support/Google/ChromeLinkedIn
2026-02-21 13:52:19  executable:   /Applications/Google Chrome.app/Contents/MacOS/Google Chrome
2026-02-21 13:52:20  Processing Tomer Fuss Sanderovich | url=https://www.linkedin.com/in/tomer-fuss-sanderovich/
2026-02-21 13:52:20    Reply check: navigating to https://www.linkedin.com/in/tomer-fuss-sanderovich/
2026-02-21 13:52:24    Clicking Message button on profile page...
2026-02-21 13:52:24    Found Message button via: main button:has-text('Message')
2026-02-21 13:52:24    Clicked Message button — waiting for compose overlay...
2026-02-21 13:52:26    Compose overlay appeared (selector: .msg-form__contenteditable)
2026-02-21 13:52:27    Reply check: last_sender=unknown
2026-02-21 13:52:27    Compose box found via .msg-form__contenteditable
2026-02-21 13:52:40    AI follow-up full: "Hi Tomer, Hope you're doing well! Just wanted to follow up on our connection and see if there's a good time for us to catch up soon."
2026-02-21 13:52:44  FOLLOWUP EXCEPTION: Keyboard.type: Target page, context or browser has been closed
Traceback (most recent call last):
  File "/Users/jkw/LI/linkedin-automator/messenger.py", line 929, in run_followups
    await page.keyboard.type(followup_text, delay=20)
  File "/Users/jkw/LI/linkedin-automator/venv/lib/python3.14/site-packages/playwright/async_api/_generated.py", line 1383, in type
    await self._impl_obj.type(text=text, delay=delay)
  File "/Users/jkw/LI/linkedin-automator/venv/lib/python3.14/site-packages/playwright/_impl/_input.py", line 35, in type
    await self._channel.send("keyboardType", locals_to_params(locals()))
  File "/Users/jkw/LI/linkedin-automator/venv/lib/python3.14/site-packages/playwright/_impl/_connection.py", line 61, in send
    return await self._connection.wrap_api_call(
           ^^^^^^^^^^^^^^^^^^^^^^^^^^^^^^^^^^^^^
    ...<2 lines>...
    )
    ^
  File "/Users/jkw/LI/linkedin-automator/venv/lib/python3.14/site-packages/playwright/_impl/_connection.py", line 528, in wrap_api_call
    raise rewrite_error(error, f"{parsed_st['apiName']}: {error}") from None
playwright._impl._errors.TargetClosedError: Keyboard.type: Target page, context or browser has been closed

2026-02-21 13:52:44  Browser closed.
2026-02-21 13:56:28  
============================================================
2026-02-21 13:56:28  FOLLOWUP RUN START  2026-02-21T13:56:28.741560  cap=1 wait_days=0 speed=1.0
2026-02-21 13:56:28  ============================================================
2026-02-21 13:56:28  Candidates: 3
2026-02-21 13:56:28  profile_path: /Users/jkw/Library/Application Support/Google/ChromeLinkedIn
2026-02-21 13:56:28  executable:   /Applications/Google Chrome.app/Contents/MacOS/Google Chrome
2026-02-21 13:56:30  Processing Tomer Fuss Sanderovich | url=https://www.linkedin.com/in/tomer-fuss-sanderovich/
2026-02-21 13:56:30    Reply check: navigating to https://www.linkedin.com/in/tomer-fuss-sanderovich/
2026-02-21 13:56:34    Clicking Message button on profile page...
2026-02-21 13:56:34    Found Message button via: main button:has-text('Message')
2026-02-21 13:56:34    Clicked Message button — waiting for compose overlay...
2026-02-21 13:56:36    Compose overlay appeared (selector: .msg-form__contenteditable)
2026-02-21 13:56:37    Reply check: last_sender=unknown
2026-02-21 13:56:37    Compose box found via .msg-form__contenteditable
2026-02-21 13:56:40    AI follow-up full: "Hi Tomer, I hope you're doing well! Just wanted to follow up on our connection and see if there's a good time to discuss your work at Natural Intelligence further."
2026-02-21 13:56:43  FOLLOWUP EXCEPTION: Keyboard.type: Target page, context or browser has been closed
Traceback (most recent call last):
  File "/Users/jkw/LI/linkedin-automator/messenger.py", line 929, in run_followups
    await page.keyboard.type(followup_text, delay=20)
  File "/Users/jkw/LI/linkedin-automator/venv/lib/python3.14/site-packages/playwright/async_api/_generated.py", line 1383, in type
    await self._impl_obj.type(text=text, delay=delay)
  File "/Users/jkw/LI/linkedin-automator/venv/lib/python3.14/site-packages/playwright/_impl/_input.py", line 35, in type
    await self._channel.send("keyboardType", locals_to_params(locals()))
  File "/Users/jkw/LI/linkedin-automator/venv/lib/python3.14/site-packages/playwright/_impl/_connection.py", line 61, in send
    return await self._connection.wrap_api_call(
           ^^^^^^^^^^^^^^^^^^^^^^^^^^^^^^^^^^^^^
    ...<2 lines>...
    )
    ^
  File "/Users/jkw/LI/linkedin-automator/venv/lib/python3.14/site-packages/playwright/_impl/_connection.py", line 528, in wrap_api_call
    raise rewrite_error(error, f"{parsed_st['apiName']}: {error}") from None
playwright._impl._errors.TargetClosedError: Keyboard.type: Target page, context or browser has been closed

2026-02-21 13:56:43  Browser closed.
2026-02-21 13:57:07  
============================================================
2026-02-21 13:57:07  FOLLOWUP RUN START  2026-02-21T13:57:07.078567  cap=5 wait_days=0 speed=1.0
2026-02-21 13:57:07  ============================================================
2026-02-21 13:57:07  Candidates: 3
2026-02-21 13:57:07  profile_path: /Users/jkw/Library/Application Support/Google/ChromeLinkedIn
2026-02-21 13:57:07  executable:   /Applications/Google Chrome.app/Contents/MacOS/Google Chrome
2026-02-21 13:57:08  Processing Tomer Fuss Sanderovich | url=https://www.linkedin.com/in/tomer-fuss-sanderovich/
2026-02-21 13:57:08    Reply check: navigating to https://www.linkedin.com/in/tomer-fuss-sanderovich/
2026-02-21 13:57:12    Clicking Message button on profile page...
2026-02-21 13:57:12    Found Message button via: main button:has-text('Message')
2026-02-21 13:57:12    Clicked Message button — waiting for compose overlay...
2026-02-21 13:57:14    Compose overlay appeared (selector: .msg-form__contenteditable)
2026-02-21 13:57:15    Reply check: last_sender=unknown
2026-02-21 13:57:15    Compose box found via .msg-form__contenteditable
2026-02-21 13:57:18    AI follow-up full: Hi Tomer, I hope you're doing well! Just wanted to follow up on our connection and see if there's a good time for us to chat about your work at Natural Intelligence.
2026-02-21 13:57:29    Clicked Send button
2026-02-21 13:57:30    Follow-up sent and logged for Tomer Fuss Sanderovich
2026-02-21 13:57:34  Browser closed.
2026-02-21 19:03:10  
============================================================
2026-02-21 19:03:10  FOLLOWUP RUN START  2026-02-21T19:03:10.634620  cap=1 wait_days=0 speed=1.0
2026-02-21 19:03:10  ============================================================
2026-02-21 19:03:10  Candidates: 2
2026-02-21 19:03:10  profile_path: /Users/jkw/Library/Application Support/Google/ChromeLinkedIn
2026-02-21 19:03:10  executable:   /Applications/Google Chrome.app/Contents/MacOS/Google Chrome
2026-02-21 19:03:11  Processing Victoria Hargreaves | url=https://www.linkedin.com/in/victoria-hargreaves-61733960/
2026-02-21 19:03:11    Reply check: navigating to https://www.linkedin.com/in/victoria-hargreaves-61733960/
2026-02-21 19:03:15    Clicking Message button on profile page...
2026-02-21 19:03:15    Found Message button via: main button:has-text('Message')
2026-02-21 19:03:15    Clicked Message button — waiting for compose overlay...
2026-02-21 19:03:17    Compose overlay appeared (selector: .msg-form__contenteditable)
2026-02-21 19:03:18    Reply check: last_sender=unknown
2026-02-21 19:03:18    Compose box found via .msg-form__contenteditable
2026-02-21 19:03:31    AI follow-up full: Hi Victoria, I'm curious to know more about your work on small molecule-protein interactions and how it's progressing. Would love to hear any updates or insights you'd like to share.
2026-02-21 19:03:42    Clicked Send button
2026-02-21 19:03:44    Follow-up sent and logged for Victoria Hargreaves
2026-02-21 19:03:44  FOLLOWUP RUN END — 1 sent
2026-02-21 19:03:44  Browser closed.
2026-02-23 18:12:32  
============================================================
2026-02-23 18:12:32  RUN START  2026-02-23T18:12:32.935630  cap=3 scan=20 speed=0.1
2026-02-23 18:12:32  ============================================================
2026-02-23 18:12:32  profile_path: /Users/jkw/Library/Application Support/Google/ChromeLinkedIn
2026-02-23 18:12:32  executable:   /Applications/Google Chrome.app/Contents/MacOS/Google Chrome
2026-02-23 18:12:35  Navigating to connections page
2026-02-23 18:12:43  Scrape result (20 cards):
2026-02-23 18:12:43    name=Jennifer Sonne | profileUrl=https://www.linkedin.com/in/jennifer-sonne-283bb838/ | msgHref=/messaging/compose/?profileUrn=urn%3Ali%3Afsd_profile%3AACoA
2026-02-23 18:12:43    name=Vlad Shingarey | profileUrl=https://www.linkedin.com/in/vladshingarey/ | msgHref=/messaging/compose/?profileUrn=urn%3Ali%3Afsd_profile%3AACoA
2026-02-23 18:12:43    name=Camil Sayegh | profileUrl=https://www.linkedin.com/in/camil-sayegh-6986325/ | msgHref=/messaging/compose/?profileUrn=urn%3Ali%3Afsd_profile%3AACoA
2026-02-23 18:12:43    name=Will Reddall | profileUrl=https://www.linkedin.com/in/willreddall/ | msgHref=/messaging/compose/?profileUrn=urn%3Ali%3Afsd_profile%3AACoA
2026-02-23 18:12:43    name=Ran Dror | profileUrl=https://www.linkedin.com/in/ran-dror-940140162/ | msgHref=/messaging/compose/?profileUrn=urn%3Ali%3Afsd_profile%3AACoA
2026-02-23 18:12:43    name=Sarthak Khandelwal | profileUrl=https://www.linkedin.com/in/sarthak-k/ | msgHref=/messaging/compose/?profileUrn=urn%3Ali%3Afsd_profile%3AACoA
2026-02-23 18:12:43    name=Caleb Moore | profileUrl=https://www.linkedin.com/in/calebmoore2023/ | msgHref=/messaging/compose/?profileUrn=urn%3Ali%3Afsd_profile%3AACoA
2026-02-23 18:12:43    name=Peter Somto Obi | profileUrl=https://www.linkedin.com/in/peter-somto-obi/ | msgHref=/messaging/compose/?profileUrn=urn%3Ali%3Afsd_profile%3AACoA
2026-02-23 18:12:43    name=Akin Alawode | profileUrl=https://www.linkedin.com/in/akin-alawode-9218873a8/ | msgHref=/messaging/compose/?profileUrn=urn%3Ali%3Afsd_profile%3AACoA
2026-02-23 18:12:43    name=Sarah McDonald | profileUrl=https://www.linkedin.com/in/sarahpatriciamcdonald/ | msgHref=/messaging/compose/?profileUrn=urn%3Ali%3Afsd_profile%3AACoA
2026-02-23 18:12:43    name=Ana Silveira | profileUrl=https://www.linkedin.com/in/ana-silveira-35273220b/ | msgHref=/messaging/compose/?profileUrn=urn%3Ali%3Afsd_profile%3AACoA
2026-02-23 18:12:43    name=Dinesh Singh | profileUrl=https://www.linkedin.com/in/dineshsingh02030/ | msgHref=/messaging/compose/?profileUrn=urn%3Ali%3Afsd_profile%3AACoA
2026-02-23 18:12:43    name=Tomer Fuss Sanderovich | profileUrl=https://www.linkedin.com/in/tomer-fuss-sanderovich/ | msgHref=/messaging/compose/?profileUrn=urn%3Ali%3Afsd_profile%3AACoA
2026-02-23 18:12:43    name=Victoria Hargreaves | profileUrl=https://www.linkedin.com/in/victoria-hargreaves-61733960/ | msgHref=/messaging/compose/?profileUrn=urn%3Ali%3Afsd_profile%3AACoA
2026-02-23 18:12:43    name=Marisa Donnelly, PhD | profileUrl=https://www.linkedin.com/in/mapdonnelly/ | msgHref=/messaging/compose/?profileUrn=urn%3Ali%3Afsd_profile%3AACoA
2026-02-23 18:12:43    name=Jeff Taylor | profileUrl=https://www.linkedin.com/in/jeffgtaylor/ | msgHref=/messaging/compose/?profileUrn=urn%3Ali%3Afsd_profile%3AACoA
2026-02-23 18:12:43    name=Thomas George Thomas | profileUrl=https://www.linkedin.com/in/thomasgeorgethomas/ | msgHref=/messaging/compose/?profileUrn=urn%3Ali%3Afsd_profile%3AACoA
2026-02-23 18:12:43    name=Dousabel Tay | profileUrl=https://www.linkedin.com/in/dousabel-tay/ | msgHref=/messaging/compose/?profileUrn=urn%3Ali%3Afsd_profile%3AACoA
2026-02-23 18:12:43    name=Dan Niewoehner | profileUrl=https://www.linkedin.com/in/danniewoehner/ | msgHref=/messaging/compose/?profileUrn=urn%3Ali%3Afsd_profile%3AACoA
2026-02-23 18:12:43    name=Michael Cohen | profileUrl=https://www.linkedin.com/in/michael-cohen-15b014187/ | msgHref=/messaging/compose/?profileUrn=urn%3Ali%3Afsd_profile%3AACoA
2026-02-23 18:12:43  Loaded 3 messaged URLs, 3 messaged names
2026-02-23 18:12:43    Check: Jennifer Sonne | url=https://www.linkedin.com/in/jennifer-sonne-283bb838
2026-02-23 18:12:43      → QUEUE
2026-02-23 18:12:43    Check: Vlad Shingarey | url=https://www.linkedin.com/in/vladshingarey
2026-02-23 18:12:43      → QUEUE
2026-02-23 18:12:43    Check: Camil Sayegh | url=https://www.linkedin.com/in/camil-sayegh-6986325
2026-02-23 18:12:43      → QUEUE
2026-02-23 18:12:43    Check: Will Reddall | url=https://www.linkedin.com/in/willreddall
2026-02-23 18:12:43      → QUEUE
2026-02-23 18:12:43    Check: Ran Dror | url=https://www.linkedin.com/in/ran-dror-940140162
2026-02-23 18:12:43      → QUEUE
2026-02-23 18:12:43    Check: Sarthak Khandelwal | url=https://www.linkedin.com/in/sarthak-k
2026-02-23 18:12:43      → QUEUE
2026-02-23 18:12:43    Check: Caleb Moore | url=https://www.linkedin.com/in/calebmoore2023
2026-02-23 18:12:43      → QUEUE
2026-02-23 18:12:43    Check: Peter Somto Obi | url=https://www.linkedin.com/in/peter-somto-obi
2026-02-23 18:12:43      → QUEUE
2026-02-23 18:12:43    Check: Akin Alawode | url=https://www.linkedin.com/in/akin-alawode-9218873a8
2026-02-23 18:12:43      → SKIP (url match)
2026-02-23 18:12:43    Check: Sarah McDonald | url=https://www.linkedin.com/in/sarahpatriciamcdonald
2026-02-23 18:12:43      → QUEUE
2026-02-23 18:12:43    Check: Ana Silveira | url=https://www.linkedin.com/in/ana-silveira-35273220b
2026-02-23 18:12:43      → QUEUE
2026-02-23 18:12:43    Check: Dinesh Singh | url=https://www.linkedin.com/in/dineshsingh02030
2026-02-23 18:12:43      → QUEUE
2026-02-23 18:12:43    Check: Tomer Fuss Sanderovich | url=https://www.linkedin.com/in/tomer-fuss-sanderovich
2026-02-23 18:12:43      → SKIP (url match)
2026-02-23 18:12:43    Check: Victoria Hargreaves | url=https://www.linkedin.com/in/victoria-hargreaves-61733960
2026-02-23 18:12:43      → SKIP (url match)
2026-02-23 18:12:43    Check: Marisa Donnelly, PhD | url=https://www.linkedin.com/in/mapdonnelly
2026-02-23 18:12:43      → QUEUE
2026-02-23 18:12:43    Check: Jeff Taylor | url=https://www.linkedin.com/in/jeffgtaylor
2026-02-23 18:12:43      → QUEUE
2026-02-23 18:12:43    Check: Thomas George Thomas | url=https://www.linkedin.com/in/thomasgeorgethomas
2026-02-23 18:12:43      → QUEUE
2026-02-23 18:12:43    Check: Dousabel Tay | url=https://www.linkedin.com/in/dousabel-tay
2026-02-23 18:12:43      → QUEUE
2026-02-23 18:12:43    Check: Dan Niewoehner | url=https://www.linkedin.com/in/danniewoehner
2026-02-23 18:12:43      → QUEUE
2026-02-23 18:12:43    Check: Michael Cohen | url=https://www.linkedin.com/in/michael-cohen-15b014187
2026-02-23 18:12:43      → QUEUE
2026-02-23 18:12:43  --- Messaging Jennifer Sonne ---
2026-02-23 18:12:43    role: A Focused, Detail-Oriented, Strategic, and Creative Proposal and Bid Manager with over 16 years of experience across multiple industries.
2026-02-23 18:12:43    msgHref: /messaging/compose/?profileUrn=urn%3Ali%3Afsd_profile%3AACoAAAgCNoMBuhMV4W78410jpDypMtB8w16bMuc&recipient=ACoAAAgCNoMBuhMV4W78410jpDypMtB8w16bMuc&interop=msgOverlay
2026-02-23 18:12:43    current page url: https://www.linkedin.com/mynetwork/invite-connect/connections/
2026-02-23 18:12:43    Step 1: navigating to https://www.linkedin.com/messaging/compose/?profileUrn=urn%3Ali%3Afsd_profile%3AACoAAAgCNoMBuhMV4W78410jpDypMtB8w16bMuc&recipient=ACoAAAgCNoMBuhMV4W78410jpDypMtB8w16bMuc&interop=msgOverlay
2026-02-23 18:12:46    Step 2: waiting for visible compose box
2026-02-23 18:12:47    Step 2: found via .msg-form__contenteditable
2026-02-23 18:12:47    Step 3: checking for AI prompt dismiss button
2026-02-23 18:12:47    Step 4: generating message with Ollama
2026-02-23 18:12:53    AI full message: Hi Jennifer, I'm glad we connected! As a Proposal and Bid Manager with such extensive experience, I'd love to hear about your approach to crafting compelling proposals that win over clients. What drives your creativity in developing successful bids?
2026-02-23 18:12:53    Step 5: re-querying compose box before typing
2026-02-23 18:12:53    Step 5: focusing compose box via JS
2026-02-23 18:12:53    Step 5: typing message (249 chars)
2026-02-23 18:12:55  EXCEPTION: Keyboard.type: Target page, context or browser has been closed
Traceback (most recent call last):
  File "/Users/jkw/LI/linkedin-automator/messenger.py", line 509, in run_messaging
    success, msg_text = await _send_message_to(page, conn, log)
                        ^^^^^^^^^^^^^^^^^^^^^^^^^^^^^^^^^^^^^^^
  File "/Users/jkw/LI/linkedin-automator/messenger.py", line 336, in _send_message_to
    await page.keyboard.type(msg_text, delay=20)
  File "/Users/jkw/LI/linkedin-automator/venv/lib/python3.14/site-packages/playwright/async_api/_generated.py", line 1383, in type
    await self._impl_obj.type(text=text, delay=delay)
  File "/Users/jkw/LI/linkedin-automator/venv/lib/python3.14/site-packages/playwright/_impl/_input.py", line 35, in type
    await self._channel.send("keyboardType", locals_to_params(locals()))
  File "/Users/jkw/LI/linkedin-automator/venv/lib/python3.14/site-packages/playwright/_impl/_connection.py", line 61, in send
    return await self._connection.wrap_api_call(
           ^^^^^^^^^^^^^^^^^^^^^^^^^^^^^^^^^^^^^
    ...<2 lines>...
    )
    ^
  File "/Users/jkw/LI/linkedin-automator/venv/lib/python3.14/site-packages/playwright/_impl/_connection.py", line 528, in wrap_api_call
    raise rewrite_error(error, f"{parsed_st['apiName']}: {error}") from None
playwright._impl._errors.TargetClosedError: Keyboard.type: Target page, context or browser has been closed

2026-02-23 18:13:16  
============================================================
2026-02-23 18:13:16  FOLLOWUP RUN START  2026-02-23T18:13:16.100510  cap=1 wait_days=0 speed=0.1
2026-02-23 18:13:16  ============================================================
2026-02-23 18:13:16  Candidates: 1
2026-02-23 18:13:16  profile_path: /Users/jkw/Library/Application Support/Google/ChromeLinkedIn
2026-02-23 18:13:16  executable:   /Applications/Google Chrome.app/Contents/MacOS/Google Chrome
2026-02-23 18:13:18  Processing Akin Alawode | url=https://www.linkedin.com/in/akin-alawode-9218873a8/
2026-02-23 18:13:18    Reply check: navigating to https://www.linkedin.com/in/akin-alawode-9218873a8/
2026-02-23 18:13:22    Clicking Message button on profile page...
2026-02-23 18:13:22    Found Message button via: main button:has-text('Message')
2026-02-23 18:13:22    Clicked Message button — waiting for compose overlay...
2026-02-23 18:13:24    Compose overlay appeared (selector: .msg-form__contenteditable)
2026-02-23 18:13:25    Reply check: last_sender=unknown
2026-02-23 18:13:25    Compose box found via .msg-form__contenteditable
2026-02-23 18:13:30    AI follow-up full: Hi Akin, hope you're doing well! I'd love to continue our conversation and see if there's anything newsworthy in your world that I can learn from.
2026-02-23 18:13:40    Clicked Send button
2026-02-23 18:13:42    Follow-up sent and logged for Akin Alawode
2026-02-23 18:13:42  FOLLOWUP RUN END — 1 sent
2026-02-23 18:13:43  Browser closed.
2026-02-23 20:25:29  
============================================================
2026-02-23 20:25:29  RUN START  2026-02-23T20:25:29.572310  cap=2 scan=20 speed=0.1
2026-02-23 20:25:29  ============================================================
2026-02-23 20:25:29  profile_path: /Users/jkw/Library/Application Support/Google/ChromeLinkedIn
2026-02-23 20:25:29  executable:   /Applications/Google Chrome.app/Contents/MacOS/Google Chrome
2026-02-23 20:25:32  Navigating to connections page
2026-02-23 20:25:39  Scrape result (20 cards):
2026-02-23 20:25:39    name=Evelyn Raspotnik | profileUrl=https://www.linkedin.com/in/evelynraspotnik/ | msgHref=/messaging/compose/?profileUrn=urn%3Ali%3Afsd_profile%3AACoA
2026-02-23 20:25:39    name=Jess Collins, MBA | profileUrl=https://www.linkedin.com/in/jess-collins-mba-5914ba5b/ | msgHref=/messaging/compose/?profileUrn=urn%3Ali%3Afsd_profile%3AACoA
2026-02-23 20:25:39    name=Christian Mims | profileUrl=https://www.linkedin.com/in/christianamims/ | msgHref=/messaging/compose/?profileUrn=urn%3Ali%3Afsd_profile%3AACoA
2026-02-23 20:25:39    name=Jaime Pauline | profileUrl=https://www.linkedin.com/in/jpauline/ | msgHref=/messaging/compose/?profileUrn=urn%3Ali%3Afsd_profile%3AACoA
2026-02-23 20:25:39    name=Jennifer Sonne | profileUrl=https://www.linkedin.com/in/jennifer-sonne-283bb838/ | msgHref=/messaging/compose/?profileUrn=urn%3Ali%3Afsd_profile%3AACoA
2026-02-23 20:25:39    name=Vlad Shingarey | profileUrl=https://www.linkedin.com/in/vladshingarey/ | msgHref=/messaging/compose/?profileUrn=urn%3Ali%3Afsd_profile%3AACoA
2026-02-23 20:25:39    name=Camil Sayegh | profileUrl=https://www.linkedin.com/in/camil-sayegh-6986325/ | msgHref=/messaging/compose/?profileUrn=urn%3Ali%3Afsd_profile%3AACoA
2026-02-23 20:25:39    name=Will Reddall | profileUrl=https://www.linkedin.com/in/willreddall/ | msgHref=/messaging/compose/?profileUrn=urn%3Ali%3Afsd_profile%3AACoA
2026-02-23 20:25:39    name=Ran Dror | profileUrl=https://www.linkedin.com/in/ran-dror-940140162/ | msgHref=/messaging/compose/?profileUrn=urn%3Ali%3Afsd_profile%3AACoA
2026-02-23 20:25:39    name=Sarthak Khandelwal | profileUrl=https://www.linkedin.com/in/sarthak-k/ | msgHref=/messaging/compose/?profileUrn=urn%3Ali%3Afsd_profile%3AACoA
2026-02-23 20:25:39    name=Caleb Moore | profileUrl=https://www.linkedin.com/in/calebmoore2023/ | msgHref=/messaging/compose/?profileUrn=urn%3Ali%3Afsd_profile%3AACoA
2026-02-23 20:25:39    name=Peter Somto Obi | profileUrl=https://www.linkedin.com/in/peter-somto-obi/ | msgHref=/messaging/compose/?profileUrn=urn%3Ali%3Afsd_profile%3AACoA
2026-02-23 20:25:39    name=Akin Alawode | profileUrl=https://www.linkedin.com/in/akin-alawode-9218873a8/ | msgHref=/messaging/compose/?profileUrn=urn%3Ali%3Afsd_profile%3AACoA
2026-02-23 20:25:39    name=Sarah McDonald | profileUrl=https://www.linkedin.com/in/sarahpatriciamcdonald/ | msgHref=/messaging/compose/?profileUrn=urn%3Ali%3Afsd_profile%3AACoA
2026-02-23 20:25:39    name=Ana Silveira | profileUrl=https://www.linkedin.com/in/ana-silveira-35273220b/ | msgHref=/messaging/compose/?profileUrn=urn%3Ali%3Afsd_profile%3AACoA
2026-02-23 20:25:39    name=Dinesh Singh | profileUrl=https://www.linkedin.com/in/dineshsingh02030/ | msgHref=/messaging/compose/?profileUrn=urn%3Ali%3Afsd_profile%3AACoA
2026-02-23 20:25:39    name=Tomer Fuss Sanderovich | profileUrl=https://www.linkedin.com/in/tomer-fuss-sanderovich/ | msgHref=/messaging/compose/?profileUrn=urn%3Ali%3Afsd_profile%3AACoA
2026-02-23 20:25:39    name=Victoria Hargreaves | profileUrl=https://www.linkedin.com/in/victoria-hargreaves-61733960/ | msgHref=/messaging/compose/?profileUrn=urn%3Ali%3Afsd_profile%3AACoA
2026-02-23 20:25:39    name=Marisa Donnelly, PhD | profileUrl=https://www.linkedin.com/in/mapdonnelly/ | msgHref=/messaging/compose/?profileUrn=urn%3Ali%3Afsd_profile%3AACoA
2026-02-23 20:25:39    name=Jeff Taylor | profileUrl=https://www.linkedin.com/in/jeffgtaylor/ | msgHref=/messaging/compose/?profileUrn=urn%3Ali%3Afsd_profile%3AACoA
2026-02-23 20:25:39  Loaded 3 messaged URLs, 3 messaged names
2026-02-23 20:25:39    Check: Evelyn Raspotnik | url=https://www.linkedin.com/in/evelynraspotnik
2026-02-23 20:25:39      → QUEUE
2026-02-23 20:25:39    Check: Jess Collins, MBA | url=https://www.linkedin.com/in/jess-collins-mba-5914ba5b
2026-02-23 20:25:39      → QUEUE
2026-02-23 20:25:39    Check: Christian Mims | url=https://www.linkedin.com/in/christianamims
2026-02-23 20:25:39      → QUEUE
2026-02-23 20:25:39    Check: Jaime Pauline | url=https://www.linkedin.com/in/jpauline
2026-02-23 20:25:39      → QUEUE
2026-02-23 20:25:39    Check: Jennifer Sonne | url=https://www.linkedin.com/in/jennifer-sonne-283bb838
2026-02-23 20:25:39      → QUEUE
2026-02-23 20:25:39    Check: Vlad Shingarey | url=https://www.linkedin.com/in/vladshingarey
2026-02-23 20:25:39      → QUEUE
2026-02-23 20:25:39    Check: Camil Sayegh | url=https://www.linkedin.com/in/camil-sayegh-6986325
2026-02-23 20:25:39      → QUEUE
2026-02-23 20:25:39    Check: Will Reddall | url=https://www.linkedin.com/in/willreddall
2026-02-23 20:25:39      → QUEUE
2026-02-23 20:25:39    Check: Ran Dror | url=https://www.linkedin.com/in/ran-dror-940140162
2026-02-23 20:25:39      → QUEUE
2026-02-23 20:25:39    Check: Sarthak Khandelwal | url=https://www.linkedin.com/in/sarthak-k
2026-02-23 20:25:39      → QUEUE
2026-02-23 20:25:39    Check: Caleb Moore | url=https://www.linkedin.com/in/calebmoore2023
2026-02-23 20:25:39      → QUEUE
2026-02-23 20:25:39    Check: Peter Somto Obi | url=https://www.linkedin.com/in/peter-somto-obi
2026-02-23 20:25:39      → QUEUE
2026-02-23 20:25:39    Check: Akin Alawode | url=https://www.linkedin.com/in/akin-alawode-9218873a8
2026-02-23 20:25:39      → SKIP (url match)
2026-02-23 20:25:39    Check: Sarah McDonald | url=https://www.linkedin.com/in/sarahpatriciamcdonald
2026-02-23 20:25:39      → QUEUE
2026-02-23 20:25:39    Check: Ana Silveira | url=https://www.linkedin.com/in/ana-silveira-35273220b
2026-02-23 20:25:39      → QUEUE
2026-02-23 20:25:39    Check: Dinesh Singh | url=https://www.linkedin.com/in/dineshsingh02030
2026-02-23 20:25:39      → QUEUE
2026-02-23 20:25:39    Check: Tomer Fuss Sanderovich | url=https://www.linkedin.com/in/tomer-fuss-sanderovich
2026-02-23 20:25:39      → SKIP (url match)
2026-02-23 20:25:39    Check: Victoria Hargreaves | url=https://www.linkedin.com/in/victoria-hargreaves-61733960
2026-02-23 20:25:39      → SKIP (url match)
2026-02-23 20:25:39    Check: Marisa Donnelly, PhD | url=https://www.linkedin.com/in/mapdonnelly
2026-02-23 20:25:39      → QUEUE
2026-02-23 20:25:39    Check: Jeff Taylor | url=https://www.linkedin.com/in/jeffgtaylor
2026-02-23 20:25:39      → QUEUE
2026-02-23 20:25:39  --- Messaging Evelyn Raspotnik ---
2026-02-23 20:25:39    role: Enterprise Customer Success
2026-02-23 20:25:39    msgHref: /messaging/compose/?profileUrn=urn%3Ali%3Afsd_profile%3AACoAABmFdFoBoQ1ui4j3_OJO-60mLuPWpUoJQlY&recipient=ACoAABmFdFoBoQ1ui4j3_OJO-60mLuPWpUoJQlY&interop=msgOverlay
2026-02-23 20:25:39    current page url: https://www.linkedin.com/mynetwork/invite-connect/connections/
2026-02-23 20:25:39    Step 1: navigating to https://www.linkedin.com/messaging/compose/?profileUrn=urn%3Ali%3Afsd_profile%3AACoAABmFdFoBoQ1ui4j3_OJO-60mLuPWpUoJQlY&recipient=ACoAABmFdFoBoQ1ui4j3_OJO-60mLuPWpUoJQlY&interop=msgOverlay
2026-02-23 20:25:43    Step 2: waiting for visible compose box
2026-02-23 20:25:43    Step 2: found via .msg-form__contenteditable
2026-02-23 20:25:43    Step 3: checking for AI prompt dismiss button
2026-02-23 20:25:44    Step 4: generating message with Ollama
2026-02-23 20:26:00    AI full message: Hi Evelyn, congratulations on reaching out to connect! I'm excited to expand my professional network. How's life as an Enterprise Customer Success pro treating you so far?
2026-02-23 20:26:00    Step 5: re-querying compose box before typing
2026-02-23 20:26:00    Step 5: focusing compose box via JS
2026-02-23 20:26:00    Step 5: typing message (171 chars)
2026-02-23 20:26:07    Step 5: compose box content after typing: 'Hi Evelyn, congratulations on reaching out to connect! I'm excited to expand my '
2026-02-23 20:26:12    Step 7: finding Send button
2026-02-23 20:26:12    Step 7: error checking button.msg-form__send-button: Page.query_selector: Target page, context or browser has been closed
2026-02-23 20:26:12    Step 7: error checking button[aria-label='Send']: Page.query_selector: Target page, context or browser has been closed
2026-02-23 20:26:12    Step 7: error checking button[aria-label*='Send' i]: Page.query_selector: Target page, context or browser has been closed
2026-02-23 20:26:12    Step 7: error checking .msg-overlay-conversation-bubble button[type='submit']: Page.query_selector: Target page, context or browser has been closed
2026-02-23 20:26:12    Step 7: error checking button[type='submit']: Page.query_selector: Target page, context or browser has been closed
2026-02-23 20:26:12    Step 7: Send button not found — trying Ctrl+Enter
2026-02-23 20:26:12  EXCEPTION: Keyboard.press: Target page, context or browser has been closed
Traceback (most recent call last):
  File "/Users/jkw/LI/linkedin-automator/messenger.py", line 509, in run_messaging
    success, msg_text = await _send_message_to(page, conn, log)
                        ^^^^^^^^^^^^^^^^^^^^^^^^^^^^^^^^^^^^^^^
  File "/Users/jkw/LI/linkedin-automator/messenger.py", line 383, in _send_message_to
    await page.keyboard.press("Control+Enter")
  File "/Users/jkw/LI/linkedin-automator/venv/lib/python3.14/site-packages/playwright/async_api/_generated.py", line 1435, in press
    return mapping.from_maybe_impl(await self._impl_obj.press(key=key, delay=delay))
                                   ^^^^^^^^^^^^^^^^^^^^^^^^^^^^^^^^^^^^^^^^^^^^^^^^
  File "/Users/jkw/LI/linkedin-automator/venv/lib/python3.14/site-packages/playwright/_impl/_input.py", line 38, in press
    await self._channel.send("keyboardPress", locals_to_params(locals()))
  File "/Users/jkw/LI/linkedin-automator/venv/lib/python3.14/site-packages/playwright/_impl/_connection.py", line 61, in send
    return await self._connection.wrap_api_call(
           ^^^^^^^^^^^^^^^^^^^^^^^^^^^^^^^^^^^^^
    ...<2 lines>...
    )
    ^
  File "/Users/jkw/LI/linkedin-automator/venv/lib/python3.14/site-packages/playwright/_impl/_connection.py", line 528, in wrap_api_call
    raise rewrite_error(error, f"{parsed_st['apiName']}: {error}") from None
playwright._impl._errors.TargetClosedError: Keyboard.press: Target page, context or browser has been closed

2026-02-23 20:26:19  Browser closed.
2026-02-23 20:26:31  
============================================================
2026-02-23 20:26:31  FOLLOWUP RUN START  2026-02-23T20:26:31.762835  cap=5 wait_days=1 speed=0.1
2026-02-23 20:26:31  ============================================================
2026-02-23 20:26:31  Candidates: 0
2026-02-23 22:03:36  
============================================================
2026-02-23 22:03:36  RUN START  2026-02-23T22:03:36.877689  cap=5 scan=20 speed=1.0
2026-02-23 22:03:36  ============================================================
2026-02-23 22:03:36  profile_path: /Users/jkw/Library/Application Support/Google/ChromeLinkedIn
2026-02-23 22:03:36  executable:   /Applications/Google Chrome.app/Contents/MacOS/Google Chrome
2026-02-23 22:03:38  Navigating to connections page
2026-02-23 22:03:44  Scrape result (20 cards):
2026-02-23 22:03:44    name=Evelyn Raspotnik | profileUrl=https://www.linkedin.com/in/evelynraspotnik/ | msgHref=/messaging/compose/?profileUrn=urn%3Ali%3Afsd_profile%3AACoA
2026-02-23 22:03:44    name=Jess Collins, MBA | profileUrl=https://www.linkedin.com/in/jess-collins-mba-5914ba5b/ | msgHref=/messaging/compose/?profileUrn=urn%3Ali%3Afsd_profile%3AACoA
2026-02-23 22:03:44    name=Christian Mims | profileUrl=https://www.linkedin.com/in/christianamims/ | msgHref=/messaging/compose/?profileUrn=urn%3Ali%3Afsd_profile%3AACoA
2026-02-23 22:03:44    name=Jaime Pauline | profileUrl=https://www.linkedin.com/in/jpauline/ | msgHref=/messaging/compose/?profileUrn=urn%3Ali%3Afsd_profile%3AACoA
2026-02-23 22:03:44    name=Jennifer Sonne | profileUrl=https://www.linkedin.com/in/jennifer-sonne-283bb838/ | msgHref=/messaging/compose/?profileUrn=urn%3Ali%3Afsd_profile%3AACoA
2026-02-23 22:03:44    name=Vlad Shingarey | profileUrl=https://www.linkedin.com/in/vladshingarey/ | msgHref=/messaging/compose/?profileUrn=urn%3Ali%3Afsd_profile%3AACoA
2026-02-23 22:03:44    name=Camil Sayegh | profileUrl=https://www.linkedin.com/in/camil-sayegh-6986325/ | msgHref=/messaging/compose/?profileUrn=urn%3Ali%3Afsd_profile%3AACoA
2026-02-23 22:03:44    name=Will Reddall | profileUrl=https://www.linkedin.com/in/willreddall/ | msgHref=/messaging/compose/?profileUrn=urn%3Ali%3Afsd_profile%3AACoA
2026-02-23 22:03:44    name=Ran Dror | profileUrl=https://www.linkedin.com/in/ran-dror-940140162/ | msgHref=/messaging/compose/?profileUrn=urn%3Ali%3Afsd_profile%3AACoA
2026-02-23 22:03:44    name=Sarthak Khandelwal | profileUrl=https://www.linkedin.com/in/sarthak-k/ | msgHref=/messaging/compose/?profileUrn=urn%3Ali%3Afsd_profile%3AACoA
2026-02-23 22:03:44    name=Caleb Moore | profileUrl=https://www.linkedin.com/in/calebmoore2023/ | msgHref=/messaging/compose/?profileUrn=urn%3Ali%3Afsd_profile%3AACoA
2026-02-23 22:03:44    name=Peter Somto Obi | profileUrl=https://www.linkedin.com/in/peter-somto-obi/ | msgHref=/messaging/compose/?profileUrn=urn%3Ali%3Afsd_profile%3AACoA
2026-02-23 22:03:44    name=Akin Alawode | profileUrl=https://www.linkedin.com/in/akin-alawode-9218873a8/ | msgHref=/messaging/compose/?profileUrn=urn%3Ali%3Afsd_profile%3AACoA
2026-02-23 22:03:44    name=Sarah McDonald | profileUrl=https://www.linkedin.com/in/sarahpatriciamcdonald/ | msgHref=/messaging/compose/?profileUrn=urn%3Ali%3Afsd_profile%3AACoA
2026-02-23 22:03:44    name=Ana Silveira | profileUrl=https://www.linkedin.com/in/ana-silveira-35273220b/ | msgHref=/messaging/compose/?profileUrn=urn%3Ali%3Afsd_profile%3AACoA
2026-02-23 22:03:44    name=Dinesh Singh | profileUrl=https://www.linkedin.com/in/dineshsingh02030/ | msgHref=/messaging/compose/?profileUrn=urn%3Ali%3Afsd_profile%3AACoA
2026-02-23 22:03:44    name=Tomer Fuss Sanderovich | profileUrl=https://www.linkedin.com/in/tomer-fuss-sanderovich/ | msgHref=/messaging/compose/?profileUrn=urn%3Ali%3Afsd_profile%3AACoA
2026-02-23 22:03:44    name=Victoria Hargreaves | profileUrl=https://www.linkedin.com/in/victoria-hargreaves-61733960/ | msgHref=/messaging/compose/?profileUrn=urn%3Ali%3Afsd_profile%3AACoA
2026-02-23 22:03:44    name=Marisa Donnelly, PhD | profileUrl=https://www.linkedin.com/in/mapdonnelly/ | msgHref=/messaging/compose/?profileUrn=urn%3Ali%3Afsd_profile%3AACoA
2026-02-23 22:03:44    name=Jeff Taylor | profileUrl=https://www.linkedin.com/in/jeffgtaylor/ | msgHref=/messaging/compose/?profileUrn=urn%3Ali%3Afsd_profile%3AACoA
2026-02-23 22:03:44  Loaded 3 messaged URLs, 3 messaged names
2026-02-23 22:03:44    Check: Evelyn Raspotnik | url=https://www.linkedin.com/in/evelynraspotnik
2026-02-23 22:03:44      → QUEUE
2026-02-23 22:03:44    Check: Jess Collins, MBA | url=https://www.linkedin.com/in/jess-collins-mba-5914ba5b
2026-02-23 22:03:44      → QUEUE
2026-02-23 22:03:44    Check: Christian Mims | url=https://www.linkedin.com/in/christianamims
2026-02-23 22:03:44      → QUEUE
2026-02-23 22:03:44    Check: Jaime Pauline | url=https://www.linkedin.com/in/jpauline
2026-02-23 22:03:44      → QUEUE
2026-02-23 22:03:44    Check: Jennifer Sonne | url=https://www.linkedin.com/in/jennifer-sonne-283bb838
2026-02-23 22:03:44      → QUEUE
2026-02-23 22:03:44    Check: Vlad Shingarey | url=https://www.linkedin.com/in/vladshingarey
2026-02-23 22:03:44      → QUEUE
2026-02-23 22:03:44    Check: Camil Sayegh | url=https://www.linkedin.com/in/camil-sayegh-6986325
2026-02-23 22:03:44      → QUEUE
2026-02-23 22:03:44    Check: Will Reddall | url=https://www.linkedin.com/in/willreddall
2026-02-23 22:03:44      → QUEUE
2026-02-23 22:03:44    Check: Ran Dror | url=https://www.linkedin.com/in/ran-dror-940140162
2026-02-23 22:03:44      → QUEUE
2026-02-23 22:03:44    Check: Sarthak Khandelwal | url=https://www.linkedin.com/in/sarthak-k
2026-02-23 22:03:44      → QUEUE
2026-02-23 22:03:44    Check: Caleb Moore | url=https://www.linkedin.com/in/calebmoore2023
2026-02-23 22:03:44      → QUEUE
2026-02-23 22:03:44    Check: Peter Somto Obi | url=https://www.linkedin.com/in/peter-somto-obi
2026-02-23 22:03:44      → QUEUE
2026-02-23 22:03:44    Check: Akin Alawode | url=https://www.linkedin.com/in/akin-alawode-9218873a8
2026-02-23 22:03:44      → SKIP (url match)
2026-02-23 22:03:44    Check: Sarah McDonald | url=https://www.linkedin.com/in/sarahpatriciamcdonald
2026-02-23 22:03:44      → QUEUE
2026-02-23 22:03:44    Check: Ana Silveira | url=https://www.linkedin.com/in/ana-silveira-35273220b
2026-02-23 22:03:44      → QUEUE
2026-02-23 22:03:44    Check: Dinesh Singh | url=https://www.linkedin.com/in/dineshsingh02030
2026-02-23 22:03:44      → QUEUE
2026-02-23 22:03:44    Check: Tomer Fuss Sanderovich | url=https://www.linkedin.com/in/tomer-fuss-sanderovich
2026-02-23 22:03:44      → SKIP (url match)
2026-02-23 22:03:44    Check: Victoria Hargreaves | url=https://www.linkedin.com/in/victoria-hargreaves-61733960
2026-02-23 22:03:44      → SKIP (url match)
2026-02-23 22:03:44    Check: Marisa Donnelly, PhD | url=https://www.linkedin.com/in/mapdonnelly
2026-02-23 22:03:44      → QUEUE
2026-02-23 22:03:44    Check: Jeff Taylor | url=https://www.linkedin.com/in/jeffgtaylor
2026-02-23 22:03:44      → QUEUE
2026-02-23 22:03:44  --- Messaging Evelyn Raspotnik ---
2026-02-23 22:03:44    role: Enterprise Customer Success
2026-02-23 22:03:44    msgHref: /messaging/compose/?profileUrn=urn%3Ali%3Afsd_profile%3AACoAABmFdFoBoQ1ui4j3_OJO-60mLuPWpUoJQlY&recipient=ACoAABmFdFoBoQ1ui4j3_OJO-60mLuPWpUoJQlY&interop=msgOverlay
2026-02-23 22:03:44    current page url: https://www.linkedin.com/mynetwork/invite-connect/connections/
2026-02-23 22:03:44    Step 1: navigating to https://www.linkedin.com/messaging/compose/?profileUrn=urn%3Ali%3Afsd_profile%3AACoAABmFdFoBoQ1ui4j3_OJO-60mLuPWpUoJQlY&recipient=ACoAABmFdFoBoQ1ui4j3_OJO-60mLuPWpUoJQlY&interop=msgOverlay
2026-02-23 22:03:48    Step 2: waiting for visible compose box
2026-02-23 22:03:48    Step 2: found via .msg-form__contenteditable
2026-02-23 22:03:48    Step 3: checking for AI prompt dismiss button
2026-02-23 22:03:48    Step 4: generating message with Ollama
2026-02-23 22:04:02    AI full message: Hi Evelyn, nice to connect! I saw you're an Enterprise Customer Success pro - love that role! What's been the highlight of your week so far?
2026-02-23 22:04:02    Step 5: re-querying compose box before typing
2026-02-23 22:04:02  Browser closed.
2026-02-24 19:10:59  
============================================================
2026-02-24 19:10:59  RUN START  2026-02-24T19:10:59.707358  cap=10 scan=30 speed=1.0
2026-02-24 19:10:59  ============================================================
2026-02-24 19:10:59  profile_path: /Users/jkw/Library/Application Support/Google/ChromeLinkedIn
2026-02-24 19:10:59  executable:   /Applications/Google Chrome.app/Contents/MacOS/Google Chrome
2026-02-24 19:11:01  Navigating to connections page
2026-02-24 19:11:02  EXCEPTION: Page.goto: Target page, context or browser has been closed
Call log:
  - navigating to "https://www.linkedin.com/mynetwork/invite-connect/connections/", waiting until "domcontentloaded"

Traceback (most recent call last):
  File "/Users/jkw/LI/linkedin-automator/messenger.py", line 437, in run_messaging
    await page.goto(
    ...<2 lines>...
    )
  File "/Users/jkw/LI/linkedin-automator/venv/lib/python3.14/site-packages/playwright/async_api/_generated.py", line 8985, in goto
    await self._impl_obj.goto(
        url=url, timeout=timeout, waitUntil=wait_until, referer=referer
    )
  File "/Users/jkw/LI/linkedin-automator/venv/lib/python3.14/site-packages/playwright/_impl/_page.py", line 551, in goto
    return await self._main_frame.goto(**locals_to_params(locals()))
           ^^^^^^^^^^^^^^^^^^^^^^^^^^^^^^^^^^^^^^^^^^^^^^^^^^^^^^^^^
  File "/Users/jkw/LI/linkedin-automator/venv/lib/python3.14/site-packages/playwright/_impl/_frame.py", line 145, in goto
    await self._channel.send("goto", locals_to_params(locals()))
  File "/Users/jkw/LI/linkedin-automator/venv/lib/python3.14/site-packages/playwright/_impl/_connection.py", line 61, in send
    return await self._connection.wrap_api_call(
           ^^^^^^^^^^^^^^^^^^^^^^^^^^^^^^^^^^^^^
    ...<2 lines>...
    )
    ^
  File "/Users/jkw/LI/linkedin-automator/venv/lib/python3.14/site-packages/playwright/_impl/_connection.py", line 528, in wrap_api_call
    raise rewrite_error(error, f"{parsed_st['apiName']}: {error}") from None
playwright._impl._errors.TargetClosedError: Page.goto: Target page, context or browser has been closed
Call log:
  - navigating to "https://www.linkedin.com/mynetwork/invite-connect/connections/", waiting until "domcontentloaded"


2026-02-24 19:11:02  Browser closed.
2026-02-24 19:11:12  
============================================================
2026-02-24 19:11:12  RUN START  2026-02-24T19:11:12.160172  cap=10 scan=30 speed=1.0
2026-02-24 19:11:12  ============================================================
2026-02-24 19:11:12  profile_path: /Users/jkw/Library/Application Support/Google/ChromeLinkedIn
2026-02-24 19:11:12  executable:   /Applications/Google Chrome.app/Contents/MacOS/Google Chrome
2026-02-24 19:11:12  Navigating to connections page
2026-02-24 19:11:19  Scrape result (20 cards):
2026-02-24 19:11:19    name=Antonio Andres | profileUrl=https://www.linkedin.com/in/antonioandres1215/ | msgHref=/messaging/compose/?profileUrn=urn%3Ali%3Afsd_profile%3AACoA
2026-02-24 19:11:19    name=Brianna Santo | profileUrl=https://www.linkedin.com/in/brianna-santo-63068314a/ | msgHref=/messaging/compose/?profileUrn=urn%3Ali%3Afsd_profile%3AACoA
2026-02-24 19:11:19    name=Rupert Aranda | profileUrl=https://www.linkedin.com/in/rupert-aranda/ | msgHref=/messaging/compose/?profileUrn=urn%3Ali%3Afsd_profile%3AACoA
2026-02-24 19:11:19    name=Shane Taylor | profileUrl=https://www.linkedin.com/in/shanemichaeltaylor/ | msgHref=/messaging/compose/?profileUrn=urn%3Ali%3Afsd_profile%3AACoA
2026-02-24 19:11:19    name=Evelyn Raspotnik | profileUrl=https://www.linkedin.com/in/evelynraspotnik/ | msgHref=/messaging/compose/?profileUrn=urn%3Ali%3Afsd_profile%3AACoA
2026-02-24 19:11:19    name=Jess Collins, MBA | profileUrl=https://www.linkedin.com/in/jess-collins-mba-5914ba5b/ | msgHref=/messaging/compose/?profileUrn=urn%3Ali%3Afsd_profile%3AACoA
2026-02-24 19:11:19    name=Christian Mims | profileUrl=https://www.linkedin.com/in/christianamims/ | msgHref=/messaging/compose/?profileUrn=urn%3Ali%3Afsd_profile%3AACoA
2026-02-24 19:11:19    name=Jaime Pauline | profileUrl=https://www.linkedin.com/in/jpauline/ | msgHref=/messaging/compose/?profileUrn=urn%3Ali%3Afsd_profile%3AACoA
2026-02-24 19:11:19    name=Jennifer Sonne | profileUrl=https://www.linkedin.com/in/jennifer-sonne-283bb838/ | msgHref=/messaging/compose/?profileUrn=urn%3Ali%3Afsd_profile%3AACoA
2026-02-24 19:11:19    name=Vlad Shingarey | profileUrl=https://www.linkedin.com/in/vladshingarey/ | msgHref=/messaging/compose/?profileUrn=urn%3Ali%3Afsd_profile%3AACoA
2026-02-24 19:11:19    name=Camil Sayegh | profileUrl=https://www.linkedin.com/in/camil-sayegh-6986325/ | msgHref=/messaging/compose/?profileUrn=urn%3Ali%3Afsd_profile%3AACoA
2026-02-24 19:11:19    name=Will Reddall | profileUrl=https://www.linkedin.com/in/willreddall/ | msgHref=/messaging/compose/?profileUrn=urn%3Ali%3Afsd_profile%3AACoA
2026-02-24 19:11:19    name=Ran Dror | profileUrl=https://www.linkedin.com/in/ran-dror-940140162/ | msgHref=/messaging/compose/?profileUrn=urn%3Ali%3Afsd_profile%3AACoA
2026-02-24 19:11:19    name=Sarthak Khandelwal | profileUrl=https://www.linkedin.com/in/sarthak-k/ | msgHref=/messaging/compose/?profileUrn=urn%3Ali%3Afsd_profile%3AACoA
2026-02-24 19:11:19    name=Caleb Moore | profileUrl=https://www.linkedin.com/in/calebmoore2023/ | msgHref=/messaging/compose/?profileUrn=urn%3Ali%3Afsd_profile%3AACoA
2026-02-24 19:11:19    name=Peter Somto Obi | profileUrl=https://www.linkedin.com/in/peter-somto-obi/ | msgHref=/messaging/compose/?profileUrn=urn%3Ali%3Afsd_profile%3AACoA
2026-02-24 19:11:19    name=Akin Alawode | profileUrl=https://www.linkedin.com/in/akin-alawode-9218873a8/ | msgHref=/messaging/compose/?profileUrn=urn%3Ali%3Afsd_profile%3AACoA
2026-02-24 19:11:19    name=Sarah McDonald | profileUrl=https://www.linkedin.com/in/sarahpatriciamcdonald/ | msgHref=/messaging/compose/?profileUrn=urn%3Ali%3Afsd_profile%3AACoA
2026-02-24 19:11:19    name=Ana Silveira | profileUrl=https://www.linkedin.com/in/ana-silveira-35273220b/ | msgHref=/messaging/compose/?profileUrn=urn%3Ali%3Afsd_profile%3AACoA
2026-02-24 19:11:19    name=Dinesh Singh | profileUrl=https://www.linkedin.com/in/dineshsingh02030/ | msgHref=/messaging/compose/?profileUrn=urn%3Ali%3Afsd_profile%3AACoA
2026-02-24 19:11:19  Loaded 3 messaged URLs, 3 messaged names
2026-02-24 19:11:19    Check: Antonio Andres | url=https://www.linkedin.com/in/antonioandres1215
2026-02-24 19:11:19      → QUEUE
2026-02-24 19:11:19    Check: Brianna Santo | url=https://www.linkedin.com/in/brianna-santo-63068314a
2026-02-24 19:11:19      → QUEUE
2026-02-24 19:11:19    Check: Rupert Aranda | url=https://www.linkedin.com/in/rupert-aranda
2026-02-24 19:11:19      → QUEUE
2026-02-24 19:11:19    Check: Shane Taylor | url=https://www.linkedin.com/in/shanemichaeltaylor
2026-02-24 19:11:19      → QUEUE
2026-02-24 19:11:19    Check: Evelyn Raspotnik | url=https://www.linkedin.com/in/evelynraspotnik
2026-02-24 19:11:19      → QUEUE
2026-02-24 19:11:19    Check: Jess Collins, MBA | url=https://www.linkedin.com/in/jess-collins-mba-5914ba5b
2026-02-24 19:11:19      → QUEUE
2026-02-24 19:11:19    Check: Christian Mims | url=https://www.linkedin.com/in/christianamims
2026-02-24 19:11:19      → QUEUE
2026-02-24 19:11:19    Check: Jaime Pauline | url=https://www.linkedin.com/in/jpauline
2026-02-24 19:11:19      → QUEUE
2026-02-24 19:11:19    Check: Jennifer Sonne | url=https://www.linkedin.com/in/jennifer-sonne-283bb838
2026-02-24 19:11:19      → QUEUE
2026-02-24 19:11:19    Check: Vlad Shingarey | url=https://www.linkedin.com/in/vladshingarey
2026-02-24 19:11:19      → QUEUE
2026-02-24 19:11:19    Check: Camil Sayegh | url=https://www.linkedin.com/in/camil-sayegh-6986325
2026-02-24 19:11:19      → QUEUE
2026-02-24 19:11:19    Check: Will Reddall | url=https://www.linkedin.com/in/willreddall
2026-02-24 19:11:19      → QUEUE
2026-02-24 19:11:19    Check: Ran Dror | url=https://www.linkedin.com/in/ran-dror-940140162
2026-02-24 19:11:19      → QUEUE
2026-02-24 19:11:19    Check: Sarthak Khandelwal | url=https://www.linkedin.com/in/sarthak-k
2026-02-24 19:11:19      → QUEUE
2026-02-24 19:11:19    Check: Caleb Moore | url=https://www.linkedin.com/in/calebmoore2023
2026-02-24 19:11:19      → QUEUE
2026-02-24 19:11:19    Check: Peter Somto Obi | url=https://www.linkedin.com/in/peter-somto-obi
2026-02-24 19:11:19      → QUEUE
2026-02-24 19:11:19    Check: Akin Alawode | url=https://www.linkedin.com/in/akin-alawode-9218873a8
2026-02-24 19:11:19      → SKIP (url match)
2026-02-24 19:11:19    Check: Sarah McDonald | url=https://www.linkedin.com/in/sarahpatriciamcdonald
2026-02-24 19:11:19      → QUEUE
2026-02-24 19:11:19    Check: Ana Silveira | url=https://www.linkedin.com/in/ana-silveira-35273220b
2026-02-24 19:11:19      → QUEUE
2026-02-24 19:11:19    Check: Dinesh Singh | url=https://www.linkedin.com/in/dineshsingh02030
2026-02-24 19:11:19      → QUEUE
2026-02-24 19:11:19  --- Messaging Antonio Andres ---
2026-02-24 19:11:19    role: Strategic Tech Alliance Manager
2026-02-24 19:11:19    msgHref: /messaging/compose/?profileUrn=urn%3Ali%3Afsd_profile%3AACoAABqsetABmhRHFbDhuPN3GfjGE5bBaYYd3JU&recipient=ACoAABqsetABmhRHFbDhuPN3GfjGE5bBaYYd3JU&interop=msgOverlay
2026-02-24 19:11:19    current page url: https://www.linkedin.com/mynetwork/invite-connect/connections/
2026-02-24 19:11:19    Step 1: navigating to https://www.linkedin.com/messaging/compose/?profileUrn=urn%3Ali%3Afsd_profile%3AACoAABqsetABmhRHFbDhuPN3GfjGE5bBaYYd3JU&recipient=ACoAABqsetABmhRHFbDhuPN3GfjGE5bBaYYd3JU&interop=msgOverlay
2026-02-24 19:11:23    Step 2: waiting for visible compose box
2026-02-24 19:11:23    Step 2: found via .msg-form__contenteditable
2026-02-24 19:11:23    Step 3: checking for AI prompt dismiss button
2026-02-24 19:11:23    Step 4: generating message with Ollama
2026-02-24 19:11:40    AI full message: Hi Antonio,

Thanks for connecting! I noticed you're a Strategic Tech Alliance Manager - that's a really interesting role. How do you like being at the intersection of tech and business strategy?
2026-02-24 19:11:40    Step 5: re-querying compose box before typing
2026-02-24 19:11:40    Step 5: focusing compose box via JS
2026-02-24 19:11:41    Step 5: typing message (195 chars)
2026-02-24 19:11:46    Step 5: compose box content after typing: 'Hi Antonio,




Thanks for connecting! I noticed you're a Strategic Tech Allianc'
2026-02-24 19:11:51    Step 7: finding Send button
2026-02-24 19:11:51    Step 7: found Send button via button.msg-form__send-button
2026-02-24 19:11:51    Step 7: clicked Send button
2026-02-24 19:11:53    Step 7: done — message sent to Antonio Andres
2026-02-24 19:11:53  Logged message to CSV for Antonio Andres
2026-02-24 19:12:01  Returning to connections page (was: https://www.linkedin.com/messaging/thread/2-NDZmMmNlZmMtNTUxNC00ZDRhLTk4MmItNWQ3NWE4NmU5MWE0XzEwMA==/)
2026-02-24 19:12:05  --- Messaging Brianna Santo ---
2026-02-24 19:12:05    role: Accelerating our Clients’ Growth through Tax Strategies & Incentives: 179D | 45L | Cost Seg | R&D Credit | State and Local Tax
2026-02-24 19:12:05    msgHref: /messaging/compose/?profileUrn=urn%3Ali%3Afsd_profile%3AACoAACQNB8QBwRPDK_a0ewg5trcaeUSn2urQBDQ&recipient=ACoAACQNB8QBwRPDK_a0ewg5trcaeUSn2urQBDQ&interop=msgOverlay
2026-02-24 19:12:05    current page url: https://www.linkedin.com/mynetwork/invite-connect/connections/
2026-02-24 19:12:05    Step 1: navigating to https://www.linkedin.com/messaging/compose/?profileUrn=urn%3Ali%3Afsd_profile%3AACoAACQNB8QBwRPDK_a0ewg5trcaeUSn2urQBDQ&recipient=ACoAACQNB8QBwRPDK_a0ewg5trcaeUSn2urQBDQ&interop=msgOverlay
2026-02-24 19:12:09    Step 2: waiting for visible compose box
2026-02-24 19:12:09    Step 2: found via .msg-form__contenteditable
2026-02-24 19:12:09    Step 3: checking for AI prompt dismiss button
2026-02-24 19:12:10    Step 4: generating message with Ollama
2026-02-24 19:12:14    AI full message: Hi Brianna, I noticed you're working with clients to accelerate growth through tax strategies. I'd love to learn more about your approach and how you help businesses navigate these complexities. What inspires you most in this field?
2026-02-24 19:12:14    Step 5: re-querying compose box before typing
2026-02-24 19:12:14    Step 5: focusing compose box via JS
2026-02-24 19:12:14    Step 5: typing message (232 chars)
2026-02-24 19:12:22    Step 5: compose box content after typing: '
'
2026-02-24 19:12:22    Step 5: WARNING — compose box appears empty after typing
2026-02-24 19:12:27    Step 7: finding Send button
2026-02-24 19:12:27    Step 7: found Send button via button.msg-form__send-button
2026-02-24 19:12:31  EXCEPTION: ElementHandle.click: Element is not attached to the DOM
Call log:
  - attempting click action
  -     2 × waiting for element to be visible, enabled and stable
  -       - element is not enabled
  -     - retrying click action
  -     - waiting 20ms
  -     2 × waiting for element to be visible, enabled and stable
  -       - element is not enabled
  -     - retrying click action
  -       - waiting 100ms
  -     5 × waiting for element to be visible, enabled and stable
  -       - element is not enabled
  -     - retrying click action
  -       - waiting 500ms
  -     - waiting for element to be visible, enabled and stable

Traceback (most recent call last):
  File "/Users/jkw/LI/linkedin-automator/messenger.py", line 509, in run_messaging
    success, msg_text = await _send_message_to(page, conn, log)
                        ^^^^^^^^^^^^^^^^^^^^^^^^^^^^^^^^^^^^^^^
  File "/Users/jkw/LI/linkedin-automator/messenger.py", line 378, in _send_message_to
    await send_btn.click()
  File "/Users/jkw/LI/linkedin-automator/venv/lib/python3.14/site-packages/playwright/async_api/_generated.py", line 2128, in click
    await self._impl_obj.click(
    ...<9 lines>...
    )
  File "/Users/jkw/LI/linkedin-automator/venv/lib/python3.14/site-packages/playwright/_impl/_element_handle.py", line 132, in click
    await self._channel.send("click", locals_to_params(locals()))
  File "/Users/jkw/LI/linkedin-automator/venv/lib/python3.14/site-packages/playwright/_impl/_connection.py", line 61, in send
    return await self._connection.wrap_api_call(
           ^^^^^^^^^^^^^^^^^^^^^^^^^^^^^^^^^^^^^
    ...<2 lines>...
    )
    ^
  File "/Users/jkw/LI/linkedin-automator/venv/lib/python3.14/site-packages/playwright/_impl/_connection.py", line 528, in wrap_api_call
    raise rewrite_error(error, f"{parsed_st['apiName']}: {error}") from None
playwright._impl._errors.Error: ElementHandle.click: Element is not attached to the DOM
Call log:
  - attempting click action
  -     2 × waiting for element to be visible, enabled and stable
  -       - element is not enabled
  -     - retrying click action
  -     - waiting 20ms
  -     2 × waiting for element to be visible, enabled and stable
  -       - element is not enabled
  -     - retrying click action
  -       - waiting 100ms
  -     5 × waiting for element to be visible, enabled and stable
  -       - element is not enabled
  -     - retrying click action
  -       - waiting 500ms
  -     - waiting for element to be visible, enabled and stable


2026-02-24 19:12:31  Browser closed.
2026-02-24 21:19:31  
============================================================
2026-02-24 21:19:31  RUN START  2026-02-24T21:19:31.552483  cap=5 scan=20 speed=1.0
2026-02-24 21:19:31  ============================================================
2026-02-24 21:19:31  profile_path: /Users/jkw/Library/Application Support/Google/ChromeLinkedIn
2026-02-24 21:19:31  executable:   /Applications/Google Chrome.app/Contents/MacOS/Google Chrome
2026-02-24 21:19:34  Navigating to connections page
2026-02-24 21:19:41  Scrape result (20 cards):
2026-02-24 21:19:41    name=Oluwamayowa Alonge | profileUrl=https://www.linkedin.com/in/oluwamayowa-alonge-47b050328/ | msgHref=/messaging/compose/?profileUrn=urn%3Ali%3Afsd_profile%3AACoA
2026-02-24 21:19:41    name=Antonio Andres | profileUrl=https://www.linkedin.com/in/antonioandres1215/ | msgHref=/messaging/compose/?profileUrn=urn%3Ali%3Afsd_profile%3AACoA
2026-02-24 21:19:41    name=Brianna Santo | profileUrl=https://www.linkedin.com/in/brianna-santo-63068314a/ | msgHref=/messaging/compose/?profileUrn=urn%3Ali%3Afsd_profile%3AACoA
2026-02-24 21:19:41    name=Rupert Aranda | profileUrl=https://www.linkedin.com/in/rupert-aranda/ | msgHref=/messaging/compose/?profileUrn=urn%3Ali%3Afsd_profile%3AACoA
2026-02-24 21:19:41    name=Shane Taylor | profileUrl=https://www.linkedin.com/in/shanemichaeltaylor/ | msgHref=/messaging/compose/?profileUrn=urn%3Ali%3Afsd_profile%3AACoA
2026-02-24 21:19:41    name=Evelyn Raspotnik | profileUrl=https://www.linkedin.com/in/evelynraspotnik/ | msgHref=/messaging/compose/?profileUrn=urn%3Ali%3Afsd_profile%3AACoA
2026-02-24 21:19:41    name=Jess Collins, MBA | profileUrl=https://www.linkedin.com/in/jess-collins-mba-5914ba5b/ | msgHref=/messaging/compose/?profileUrn=urn%3Ali%3Afsd_profile%3AACoA
2026-02-24 21:19:41    name=Christian Mims | profileUrl=https://www.linkedin.com/in/christianamims/ | msgHref=/messaging/compose/?profileUrn=urn%3Ali%3Afsd_profile%3AACoA
2026-02-24 21:19:41    name=Jaime Pauline | profileUrl=https://www.linkedin.com/in/jpauline/ | msgHref=/messaging/compose/?profileUrn=urn%3Ali%3Afsd_profile%3AACoA
2026-02-24 21:19:41    name=Jennifer Sonne | profileUrl=https://www.linkedin.com/in/jennifer-sonne-283bb838/ | msgHref=/messaging/compose/?profileUrn=urn%3Ali%3Afsd_profile%3AACoA
2026-02-24 21:19:41    name=Vlad Shingarey | profileUrl=https://www.linkedin.com/in/vladshingarey/ | msgHref=/messaging/compose/?profileUrn=urn%3Ali%3Afsd_profile%3AACoA
2026-02-24 21:19:41    name=Camil Sayegh | profileUrl=https://www.linkedin.com/in/camil-sayegh-6986325/ | msgHref=/messaging/compose/?profileUrn=urn%3Ali%3Afsd_profile%3AACoA
2026-02-24 21:19:41    name=Will Reddall | profileUrl=https://www.linkedin.com/in/willreddall/ | msgHref=/messaging/compose/?profileUrn=urn%3Ali%3Afsd_profile%3AACoA
2026-02-24 21:19:41    name=Ran Dror | profileUrl=https://www.linkedin.com/in/ran-dror-940140162/ | msgHref=/messaging/compose/?profileUrn=urn%3Ali%3Afsd_profile%3AACoA
2026-02-24 21:19:41    name=Sarthak Khandelwal | profileUrl=https://www.linkedin.com/in/sarthak-k/ | msgHref=/messaging/compose/?profileUrn=urn%3Ali%3Afsd_profile%3AACoA
2026-02-24 21:19:41    name=Caleb Moore | profileUrl=https://www.linkedin.com/in/calebmoore2023/ | msgHref=/messaging/compose/?profileUrn=urn%3Ali%3Afsd_profile%3AACoA
2026-02-24 21:19:41    name=Peter Somto Obi | profileUrl=https://www.linkedin.com/in/peter-somto-obi/ | msgHref=/messaging/compose/?profileUrn=urn%3Ali%3Afsd_profile%3AACoA
2026-02-24 21:19:41    name=Akin Alawode | profileUrl=https://www.linkedin.com/in/akin-alawode-9218873a8/ | msgHref=/messaging/compose/?profileUrn=urn%3Ali%3Afsd_profile%3AACoA
2026-02-24 21:19:41    name=Sarah McDonald | profileUrl=https://www.linkedin.com/in/sarahpatriciamcdonald/ | msgHref=/messaging/compose/?profileUrn=urn%3Ali%3Afsd_profile%3AACoA
2026-02-24 21:19:41    name=Ana Silveira | profileUrl=https://www.linkedin.com/in/ana-silveira-35273220b/ | msgHref=/messaging/compose/?profileUrn=urn%3Ali%3Afsd_profile%3AACoA
2026-02-24 21:19:41  Guard sets — messages.csv: 4 | followups.csv: 3 | slugs: 4 | names: 4
2026-02-24 21:19:41    Check: Oluwamayowa Alonge | url=https://www.linkedin.com/in/oluwamayowa-alonge-47b050328 | slug=oluwamayowa-alonge-47b050328
2026-02-24 21:19:41      → QUEUE
2026-02-24 21:19:41    Check: Antonio Andres | url=https://www.linkedin.com/in/antonioandres1215 | slug=antonioandres1215
2026-02-24 21:19:41      → SKIP (full URL match)
2026-02-24 21:19:41    Check: Brianna Santo | url=https://www.linkedin.com/in/brianna-santo-63068314a | slug=brianna-santo-63068314a
2026-02-24 21:19:41      → QUEUE
2026-02-24 21:19:41    Check: Rupert Aranda | url=https://www.linkedin.com/in/rupert-aranda | slug=rupert-aranda
2026-02-24 21:19:41      → QUEUE
2026-02-24 21:19:41    Check: Shane Taylor | url=https://www.linkedin.com/in/shanemichaeltaylor | slug=shanemichaeltaylor
2026-02-24 21:19:41      → QUEUE
2026-02-24 21:19:41    Check: Evelyn Raspotnik | url=https://www.linkedin.com/in/evelynraspotnik | slug=evelynraspotnik
2026-02-24 21:19:41      → QUEUE
2026-02-24 21:19:41    Check: Jess Collins, MBA | url=https://www.linkedin.com/in/jess-collins-mba-5914ba5b | slug=jess-collins-mba-5914ba5b
2026-02-24 21:19:41      → QUEUE
2026-02-24 21:19:41    Check: Christian Mims | url=https://www.linkedin.com/in/christianamims | slug=christianamims
2026-02-24 21:19:41      → QUEUE
2026-02-24 21:19:41    Check: Jaime Pauline | url=https://www.linkedin.com/in/jpauline | slug=jpauline
2026-02-24 21:19:41      → QUEUE
2026-02-24 21:19:41    Check: Jennifer Sonne | url=https://www.linkedin.com/in/jennifer-sonne-283bb838 | slug=jennifer-sonne-283bb838
2026-02-24 21:19:41      → QUEUE
2026-02-24 21:19:41    Check: Vlad Shingarey | url=https://www.linkedin.com/in/vladshingarey | slug=vladshingarey
2026-02-24 21:19:41      → QUEUE
2026-02-24 21:19:41    Check: Camil Sayegh | url=https://www.linkedin.com/in/camil-sayegh-6986325 | slug=camil-sayegh-6986325
2026-02-24 21:19:41      → QUEUE
2026-02-24 21:19:41    Check: Will Reddall | url=https://www.linkedin.com/in/willreddall | slug=willreddall
2026-02-24 21:19:41      → QUEUE
2026-02-24 21:19:41    Check: Ran Dror | url=https://www.linkedin.com/in/ran-dror-940140162 | slug=ran-dror-940140162
2026-02-24 21:19:41      → QUEUE
2026-02-24 21:19:41    Check: Sarthak Khandelwal | url=https://www.linkedin.com/in/sarthak-k | slug=sarthak-k
2026-02-24 21:19:41      → QUEUE
2026-02-24 21:19:41    Check: Caleb Moore | url=https://www.linkedin.com/in/calebmoore2023 | slug=calebmoore2023
2026-02-24 21:19:41      → QUEUE
2026-02-24 21:19:41    Check: Peter Somto Obi | url=https://www.linkedin.com/in/peter-somto-obi | slug=peter-somto-obi
2026-02-24 21:19:41      → QUEUE
2026-02-24 21:19:41    Check: Akin Alawode | url=https://www.linkedin.com/in/akin-alawode-9218873a8 | slug=akin-alawode-9218873a8
2026-02-24 21:19:41      → SKIP (full URL match)
2026-02-24 21:19:41    Check: Sarah McDonald | url=https://www.linkedin.com/in/sarahpatriciamcdonald | slug=sarahpatriciamcdonald
2026-02-24 21:19:41      → QUEUE
2026-02-24 21:19:41    Check: Ana Silveira | url=https://www.linkedin.com/in/ana-silveira-35273220b | slug=ana-silveira-35273220b
2026-02-24 21:19:41      → QUEUE
2026-02-24 21:19:41  --- Messaging Oluwamayowa Alonge ---
2026-02-24 21:19:41    role: Azure Database Administrator @ Apex Health Solutions | Bachelor of Education
2026-02-24 21:19:41    msgHref: /messaging/compose/?profileUrn=urn%3Ali%3Afsd_profile%3AACoAAFKWl58BFVFWJUP1m5LqGdZ0A8ExOImVLiM&recipient=ACoAAFKWl58BFVFWJUP1m5LqGdZ0A8ExOImVLiM&interop=msgOverlay
2026-02-24 21:19:41    current page url: https://www.linkedin.com/mynetwork/invite-connect/connections/
2026-02-24 21:19:41    Step 1: navigating to https://www.linkedin.com/messaging/compose/?profileUrn=urn%3Ali%3Afsd_profile%3AACoAAFKWl58BFVFWJUP1m5LqGdZ0A8ExOImVLiM&recipient=ACoAAFKWl58BFVFWJUP1m5LqGdZ0A8ExOImVLiM&interop=msgOverlay
2026-02-24 21:19:45    Step 2: waiting for visible compose box
2026-02-24 21:19:45    Step 2: found via .msg-form__contenteditable
2026-02-24 21:19:45    Step 3: checking for AI prompt dismiss button
2026-02-24 21:19:46    Step 4: generating message with Ollama
2026-02-24 21:19:51    AI full message: Hi Oluwamayowa, nice to connect with you! I noticed your background in education and now working as an Azure Database Administrator at Apex Health Solutions - that's a fascinating transition. Looking forward to seeing what you're working on!
2026-02-24 21:19:51    Step 5: re-querying compose box before typing
2026-02-24 21:19:51    Step 5: focusing compose box via JS
2026-02-24 21:19:51    Step 5: typing message (241 chars)
2026-02-24 21:19:57    Step 5: compose box content after typing: 'Hi Oluwamayowa, nice to connect with you! I noticed your background in education'
2026-02-24 21:20:02    Step 7: finding Send button
2026-02-24 21:20:02    Step 7: found Send button via button.msg-form__send-button
2026-02-24 21:20:03    Step 7: clicked Send button
2026-02-24 21:20:04    Step 7: done — message sent to Oluwamayowa Alonge
2026-02-24 21:20:04  Logged message to CSV for Oluwamayowa Alonge | added https://www.linkedin.com/in/oluwamayowa-alonge-47b050328 to in-run guard
2026-02-24 21:20:12  Returning to connections page (was: https://www.linkedin.com/messaging/thread/2-ZTQxYzg1NzAtMTc0Yy00NjVhLTk5NWMtYTc3N2U4NmQwZGQzXzEwMA==/)
2026-02-24 21:20:16  --- Messaging Brianna Santo ---
2026-02-24 21:20:16    role: Accelerating our Clients’ Growth through Tax Strategies & Incentives: 179D | 45L | Cost Seg | R&D Credit | State and Local Tax
2026-02-24 21:20:16    msgHref: /messaging/compose/?profileUrn=urn%3Ali%3Afsd_profile%3AACoAACQNB8QBwRPDK_a0ewg5trcaeUSn2urQBDQ&recipient=ACoAACQNB8QBwRPDK_a0ewg5trcaeUSn2urQBDQ&interop=msgOverlay
2026-02-24 21:20:16    current page url: https://www.linkedin.com/mynetwork/invite-connect/connections/
2026-02-24 21:20:16    Step 1: navigating to https://www.linkedin.com/messaging/compose/?profileUrn=urn%3Ali%3Afsd_profile%3AACoAACQNB8QBwRPDK_a0ewg5trcaeUSn2urQBDQ&recipient=ACoAACQNB8QBwRPDK_a0ewg5trcaeUSn2urQBDQ&interop=msgOverlay
2026-02-24 21:20:20    Step 2: waiting for visible compose box
2026-02-24 21:20:20    Step 2: found via .msg-form__contenteditable
2026-02-24 21:20:20    Step 3: checking for AI prompt dismiss button
2026-02-24 21:20:20    Step 4: generating message with Ollama
2026-02-24 21:20:24    AI full message: Hi Brianna, thanks for connecting! I'm excited to learn more about your work in accelerating clients' growth through tax strategies and incentives - it sounds like a fascinating field. How's your week going so far?
2026-02-24 21:20:24    Step 5: re-querying compose box before typing
2026-02-24 21:20:24    Step 5: focusing compose box via JS
2026-02-24 21:20:25    Step 5: typing message (214 chars)
2026-02-24 21:20:29  EXCEPTION: Keyboard.type: Target page, context or browser has been closed
Traceback (most recent call last):
  File "/Users/jkw/LI/linkedin-automator/messenger.py", line 548, in run_messaging
    success, msg_text = await _send_message_to(page, conn, log)
                        ^^^^^^^^^^^^^^^^^^^^^^^^^^^^^^^^^^^^^^^
  File "/Users/jkw/LI/linkedin-automator/messenger.py", line 359, in _send_message_to
    await page.keyboard.type(msg_text, delay=20)
  File "/Users/jkw/LI/linkedin-automator/venv/lib/python3.14/site-packages/playwright/async_api/_generated.py", line 1383, in type
    await self._impl_obj.type(text=text, delay=delay)
  File "/Users/jkw/LI/linkedin-automator/venv/lib/python3.14/site-packages/playwright/_impl/_input.py", line 35, in type
    await self._channel.send("keyboardType", locals_to_params(locals()))
  File "/Users/jkw/LI/linkedin-automator/venv/lib/python3.14/site-packages/playwright/_impl/_connection.py", line 61, in send
    return await self._connection.wrap_api_call(
           ^^^^^^^^^^^^^^^^^^^^^^^^^^^^^^^^^^^^^
    ...<2 lines>...
    )
    ^
  File "/Users/jkw/LI/linkedin-automator/venv/lib/python3.14/site-packages/playwright/_impl/_connection.py", line 528, in wrap_api_call
    raise rewrite_error(error, f"{parsed_st['apiName']}: {error}") from None
playwright._impl._errors.TargetClosedError: Keyboard.type: Target page, context or browser has been closed

2026-02-24 21:20:29  Browser closed.
